Location,SubLocality,Week,Weather Condition,total_patients,typhoid_cases,avg_fever_duration,avg_wbc,avg_platelets,unsafe_water_pct,poor_hygiene_pct,vaccinated_pct,ongoing_infection_pct,typhoid_rate,Outbreak
Endemic,Endemic-General,1,Cold & Humid,49,0,2.061224489795918,7742.285714285715,286893.1836734694,0.0,0.0,0.0,0.0,0.0,0
Endemic,Endemic-General,1,Hot & Dry,50,0,2.62,7499.32,263030.38,0.0,0.0,0.0,0.0,0.0,0
Endemic,Endemic-General,1,Moderate,53,0,1.3584905660377358,7408.584905660377,271935.320754717,0.0,0.0,0.0,0.0,0.0,0
Endemic,Endemic-General,1,Rainy & Wet,41,0,3.3902439024390243,7115.09756097561,260106.9512195122,0.0,0.0,0.0,0.0,0.0,0
Endemic,Endemic-General,2,Cold & Humid,40,0,4.85,7954.55,277004.5,0.0,0.0,0.0,0.0,0.0,0
Endemic,Endemic-General,2,Hot & Dry,51,0,3.9607843137254903,7838.431372549019,258495.64705882352,0.0,0.0,0.0,0.0,0.0,0
Endemic,Endemic-General,2,Moderate,52,0,4.115384615384615,7062.692307692308,273432.9038461539,0.0,0.0,0.0,0.0,0.0,0
Endemic,Endemic-General,2,Rainy & Wet,59,0,3.8135593220338984,6967.135593220339,265183.3559322034,0.0,0.0,0.0,0.0,0.0,0
Endemic,Endemic-General,3,Cold & Humid,45,0,2.1555555555555554,7164.511111111111,285604.2,0.0,0.0,0.0,0.0,0.0,0
Endemic,Endemic-General,3,Hot & Dry,51,0,5.0588235294117645,7505.117647058823,284585.2745098039,0.0,0.0,0.0,0.0,0.0,0
Endemic,Endemic-General,3,Moderate,43,0,4.093023255813954,7270.790697674419,257073.97674418605,0.0,0.0,0.0,0.0,0.0,0
Endemic,Endemic-General,3,Rainy & Wet,48,0,3.4166666666666665,7669.75,280686.5833333333,0.0,0.0,0.0,0.0,0.0,0
Endemic,Endemic-General,4,Cold & Humid,55,0,2.8181818181818183,7595.763636363637,279810.16363636364,0.0,0.0,0.0,0.0,0.0,0
Endemic,Endemic-General,4,Hot & Dry,42,0,2.9047619047619047,7127.285714285715,251331.2857142857,0.0,0.0,0.0,0.0,0.0,0
Endemic,Endemic-General,4,Moderate,42,0,2.8095238095238093,7074.571428571428,273898.09523809527,0.0,0.0,0.0,0.0,0.0,0
Endemic,Endemic-General,4,Rainy & Wet,50,0,3.54,7427.2,291614.78,0.0,0.0,0.0,0.0,0.0,0
Endemic,Endemic-General,5,Cold & Humid,37,0,1.5945945945945945,7671.972972972973,225594.56756756757,0.0,0.0,0.0,0.0,0.0,0
Endemic,Endemic-General,5,Hot & Dry,46,0,2.4782608695652173,6999.282608695652,263581.02173913043,0.0,0.0,0.0,0.0,0.0,0
Endemic,Endemic-General,5,Moderate,55,0,1.6181818181818182,7171.363636363636,259555.69090909092,0.0,0.0,0.0,0.0,0.0,0
Endemic,Endemic-General,5,Rainy & Wet,42,0,3.5714285714285716,6939.380952380952,283733.7619047619,0.0,0.0,0.0,0.0,0.0,0
Endemic,Endemic-General,6,Cold & Humid,47,0,2.2127659574468086,7358.659574468085,281996.6170212766,0.0,0.0,0.0,0.0,0.0,0
Endemic,Endemic-General,6,Hot & Dry,53,0,1.9433962264150944,8266.622641509433,261467.43396226416,0.0,0.0,0.0,0.0,0.0,0
Endemic,Endemic-General,6,Moderate,46,0,4.521739130434782,7389.108695652174,253762.19565217392,0.0,0.0,0.0,0.0,0.0,0
Endemic,Endemic-General,6,Rainy & Wet,42,0,3.619047619047619,7439.023809523809,276889.7619047619,0.0,0.0,0.0,0.0,0.0,0
Endemic,Endemic-General,7,Cold & Humid,57,0,3.5964912280701755,7167.1578947368425,283676.7543859649,0.0,0.0,0.0,0.0,0.0,0
Endemic,Endemic-General,7,Hot & Dry,39,0,3.8974358974358974,7970.897435897436,269306.71794871794,0.0,0.0,0.0,0.0,0.0,0
Endemic,Endemic-General,7,Moderate,54,0,3.0555555555555554,6737.092592592592,268758.51851851854,0.0,0.0,0.0,0.0,0.0,0
Endemic,Endemic-General,7,Rainy & Wet,54,0,3.611111111111111,7603.962962962963,280530.22222222225,0.0,0.0,0.0,0.0,0.0,0
Endemic,Endemic-General,8,Cold & Humid,51,0,2.156862745098039,7180.568627450981,249756.01960784313,0.0,0.0,0.0,0.0,0.0,0
Endemic,Endemic-General,8,Hot & Dry,49,0,3.836734693877551,7325.061224489796,281545.1836734694,0.0,0.0,0.0,0.0,0.0,0
Endemic,Endemic-General,8,Moderate,60,0,3.6166666666666667,7265.35,267801.43333333335,0.0,0.0,0.0,0.0,0.0,0
Endemic,Endemic-General,8,Rainy & Wet,50,0,3.7,7345.8,296733.52,0.0,0.0,0.0,0.0,0.0,0
Endemic,Endemic-General,9,Cold & Humid,62,0,2.306451612903226,7364.967741935484,267257.27419354836,0.0,0.0,0.0,0.0,0.0,0
Endemic,Endemic-General,9,Hot & Dry,36,0,2.9166666666666665,8317.527777777777,242509.33333333334,0.0,0.0,0.0,0.0,0.0,0
Endemic,Endemic-General,9,Moderate,47,0,4.8936170212765955,7196.31914893617,270675.08510638296,0.0,0.0,0.0,0.0,0.0,0
Endemic,Endemic-General,9,Rainy & Wet,51,0,3.235294117647059,7296.588235294118,271857.137254902,0.0,0.0,0.0,0.0,0.0,0
Endemic,Endemic-General,10,Cold & Humid,55,0,4.181818181818182,7793.6,265945.5090909091,0.0,0.0,0.0,0.0,0.0,0
Endemic,Endemic-General,10,Hot & Dry,50,0,4.04,7609.2,282883.42,0.0,0.0,0.0,0.0,0.0,0
Endemic,Endemic-General,10,Moderate,57,0,2.719298245614035,7283.368421052632,294037.8070175439,0.0,0.0,0.0,0.0,0.0,0
Endemic,Endemic-General,10,Rainy & Wet,36,0,2.4722222222222223,7057.25,260720.77777777778,0.0,0.0,0.0,0.0,0.0,0
Endemic,Endemic-General,11,Cold & Humid,28,0,5.785714285714286,7193.392857142857,237284.0,0.0,0.0,0.0,0.0,0.0,0
Endemic,Endemic-General,11,Hot & Dry,47,0,3.9148936170212765,6460.68085106383,254790.06382978722,0.0,0.0,0.0,0.0,0.0,0
Endemic,Endemic-General,11,Moderate,51,0,4.9411764705882355,7966.254901960784,264034.39215686277,0.0,0.0,0.0,0.0,0.0,0
Endemic,Endemic-General,11,Rainy & Wet,50,0,3.66,8217.04,280742.68,0.0,0.0,0.0,0.0,0.0,0
Endemic,Endemic-General,12,Cold & Humid,39,0,4.3076923076923075,6722.948717948718,266934.8205128205,0.0,0.0,0.0,0.0,0.0,0
Endemic,Endemic-General,12,Hot & Dry,59,0,2.4237288135593222,7859.135593220339,266760.1525423729,0.0,0.0,0.0,0.0,0.0,0
Endemic,Endemic-General,12,Moderate,44,0,3.159090909090909,6830.477272727273,286545.29545454547,0.0,0.0,0.0,0.0,0.0,0
Endemic,Endemic-General,12,Rainy & Wet,51,0,3.0588235294117645,6790.176470588235,271859.56862745096,0.0,0.0,0.0,0.0,0.0,0
Endemic,Endemic-General,13,Cold & Humid,61,0,3.2295081967213113,7183.573770491803,246264.1475409836,0.0,0.0,0.0,0.0,0.0,0
Endemic,Endemic-General,13,Hot & Dry,53,0,1.9056603773584906,6676.018867924528,262807.0566037736,0.0,0.0,0.0,0.0,0.0,0
Endemic,Endemic-General,13,Moderate,48,0,2.8541666666666665,7112.1875,265626.6666666667,0.0,0.0,0.0,0.0,0.0,0
Endemic,Endemic-General,13,Rainy & Wet,58,0,2.5689655172413794,6839.275862068966,242248.1551724138,0.0,0.0,0.0,0.0,0.0,0
Endemic,Endemic-General,14,Cold & Humid,46,0,2.9347826086956523,7426.304347826087,242464.10869565216,0.0,0.0,0.0,0.0,0.0,0
Endemic,Endemic-General,14,Hot & Dry,45,0,4.266666666666667,7264.866666666667,271368.3333333333,0.0,0.0,0.0,0.0,0.0,0
Endemic,Endemic-General,14,Moderate,48,0,3.2291666666666665,8006.666666666667,281161.9375,0.0,0.0,0.0,0.0,0.0,0
Endemic,Endemic-General,14,Rainy & Wet,35,0,3.942857142857143,7885.942857142857,271570.14285714284,0.0,0.0,0.0,0.0,0.0,0
Endemic,Endemic-General,15,Cold & Humid,68,0,2.735294117647059,7824.058823529412,277282.4411764706,0.0,0.0,0.0,0.0,0.0,0
Endemic,Endemic-General,15,Hot & Dry,51,0,4.784313725490196,8168.490196078431,268342.56862745096,0.0,0.0,0.0,0.0,0.0,0
Endemic,Endemic-General,15,Moderate,60,0,3.466666666666667,7809.083333333333,246653.03333333333,0.0,0.0,0.0,0.0,0.0,0
Endemic,Endemic-General,15,Rainy & Wet,51,0,4.019607843137255,6962.019607843137,254427.39215686274,0.0,0.0,0.0,0.0,0.0,0
Endemic,Endemic-General,16,Cold & Humid,53,0,2.1132075471698113,7918.603773584906,266825.8679245283,0.0,0.0,0.0,0.0,0.0,0
Endemic,Endemic-General,16,Hot & Dry,50,0,2.54,7115.6,264336.5,0.0,0.0,0.0,0.0,0.0,0
Endemic,Endemic-General,16,Moderate,50,0,2.14,6745.18,259088.32,0.0,0.0,0.0,0.0,0.0,0
Endemic,Endemic-General,16,Rainy & Wet,45,0,1.4,7256.577777777778,264495.15555555554,0.0,0.0,0.0,0.0,0.0,0
Endemic,Endemic-General,17,Cold & Humid,58,0,3.9482758620689653,7836.706896551724,273239.0344827586,0.0,0.0,0.0,0.0,0.0,0
Endemic,Endemic-General,17,Hot & Dry,57,0,3.210526315789474,7157.982456140351,272011.2456140351,0.0,0.0,0.0,0.0,0.0,0
Endemic,Endemic-General,17,Moderate,56,0,4.535714285714286,7349.142857142857,277935.89285714284,0.0,0.0,0.0,0.0,0.0,0
Endemic,Endemic-General,17,Rainy & Wet,57,0,4.017543859649122,6960.80701754386,276067.0,0.0,0.0,0.0,0.0,0.0,0
Endemic,Endemic-General,18,Cold & Humid,47,0,1.3191489361702127,7450.468085106383,248083.7659574468,0.0,0.0,0.0,0.0,0.0,0
Endemic,Endemic-General,18,Hot & Dry,55,0,3.2,6958.781818181818,251388.54545454544,0.0,0.0,0.0,0.0,0.0,0
Endemic,Endemic-General,18,Moderate,62,0,4.306451612903226,8102.951612903225,279853.17741935485,0.0,0.0,0.0,0.0,0.0,0
Endemic,Endemic-General,18,Rainy & Wet,44,0,2.340909090909091,7678.909090909091,284624.4318181818,0.0,0.0,0.0,0.0,0.0,0
Endemic,Endemic-General,19,Cold & Humid,52,0,2.9615384615384617,6852.2692307692305,264912.1346153846,0.0,0.0,0.0,0.0,0.0,0
Endemic,Endemic-General,19,Hot & Dry,52,0,4.076923076923077,7561.173076923077,275916.48076923075,0.0,0.0,0.0,0.0,0.0,0
Endemic,Endemic-General,19,Moderate,38,0,3.8421052631578947,7749.605263157895,273926.86842105264,0.0,0.0,0.0,0.0,0.0,0
Endemic,Endemic-General,19,Rainy & Wet,58,0,4.275862068965517,7493.293103448276,262683.1206896552,0.0,0.0,0.0,0.0,0.0,0
Endemic,Endemic-General,20,Cold & Humid,44,0,2.840909090909091,6726.204545454545,247728.5909090909,0.0,0.0,0.0,0.0,0.0,0
Endemic,Endemic-General,20,Hot & Dry,42,0,3.3333333333333335,7756.833333333333,273409.5,0.0,0.0,0.0,0.0,0.0,0
Endemic,Endemic-General,20,Moderate,47,0,3.106382978723404,7245.255319148936,273101.91489361704,0.0,0.0,0.0,0.0,0.0,0
Endemic,Endemic-General,20,Rainy & Wet,42,0,2.619047619047619,8086.380952380952,271932.3333333333,0.0,0.0,0.0,0.0,0.0,0
Endemic,Endemic-General,21,Cold & Humid,39,0,4.0,7206.641025641025,287333.0,0.0,0.0,0.0,0.0,0.0,0
Endemic,Endemic-General,21,Hot & Dry,58,0,3.5689655172413794,7558.086206896552,262163.775862069,0.0,0.0,0.0,0.0,0.0,0
Endemic,Endemic-General,21,Moderate,60,0,3.3666666666666667,7684.0,286500.1,0.0,0.0,0.0,0.0,0.0,0
Endemic,Endemic-General,21,Rainy & Wet,59,0,4.11864406779661,7493.559322033899,283212.0508474576,0.0,0.0,0.0,0.0,0.0,0
Endemic,Endemic-General,22,Cold & Humid,59,0,3.542372881355932,7101.983050847458,269926.0,0.0,0.0,0.0,0.0,0.0,0
Endemic,Endemic-General,22,Hot & Dry,43,0,2.395348837209302,7827.325581395349,277405.0,0.0,0.0,0.0,0.0,0.0,0
Endemic,Endemic-General,22,Moderate,51,0,4.392156862745098,7284.64705882353,263741.2156862745,0.0,0.0,0.0,0.0,0.0,0
Endemic,Endemic-General,22,Rainy & Wet,53,0,2.7547169811320753,7182.962264150943,270527.88679245283,0.0,0.0,0.0,0.0,0.0,0
Endemic,Endemic-General,23,Cold & Humid,49,0,2.489795918367347,7270.163265306122,276239.612244898,0.0,0.0,0.0,0.0,0.0,0
Endemic,Endemic-General,23,Hot & Dry,55,0,3.6,7984.327272727272,280748.07272727275,0.0,0.0,0.0,0.0,0.0,0
Endemic,Endemic-General,23,Moderate,49,0,3.8979591836734695,7553.530612244898,250537.693877551,0.0,0.0,0.0,0.0,0.0,0
Endemic,Endemic-General,23,Rainy & Wet,52,0,3.1923076923076925,7827.115384615385,260599.28846153847,0.0,0.0,0.0,0.0,0.0,0
Endemic,Endemic-General,24,Cold & Humid,52,0,3.5,8255.038461538461,272385.1538461539,0.0,0.0,0.0,0.0,0.0,0
Endemic,Endemic-General,24,Hot & Dry,57,0,2.9298245614035086,7831.80701754386,272469.1228070175,0.0,0.0,0.0,0.0,0.0,0
Endemic,Endemic-General,24,Moderate,43,0,3.5348837209302326,6735.837209302325,238674.76744186046,0.0,0.0,0.0,0.0,0.0,0
Endemic,Endemic-General,24,Rainy & Wet,49,0,3.693877551020408,7446.2040816326535,277535.387755102,0.0,0.0,0.0,0.0,0.0,0
Endemic,Endemic-General,25,Cold & Humid,58,0,3.310344827586207,7013.068965517241,239465.43103448275,0.0,0.0,0.0,0.0,0.0,0
Endemic,Endemic-General,25,Hot & Dry,53,0,3.6792452830188678,7394.735849056604,234138.37735849057,0.0,0.0,0.0,0.0,0.0,0
Endemic,Endemic-General,25,Moderate,48,0,2.9375,6816.9375,283845.375,0.0,0.0,0.0,0.0,0.0,0
Endemic,Endemic-General,25,Rainy & Wet,45,0,3.488888888888889,7484.933333333333,240149.15555555557,0.0,0.0,0.0,0.0,0.0,0
Endemic,Endemic-General,26,Cold & Humid,45,0,2.6444444444444444,7607.733333333334,281990.2444444444,0.0,0.0,0.0,0.0,0.0,0
Endemic,Endemic-General,26,Hot & Dry,48,0,4.541666666666667,7177.5,246371.54166666666,0.0,0.0,0.0,0.0,0.0,0
Endemic,Endemic-General,26,Moderate,66,0,3.590909090909091,7842.060606060606,273490.8333333333,0.0,0.0,0.0,0.0,0.0,0
Endemic,Endemic-General,26,Rainy & Wet,40,0,2.825,7049.25,260819.55,0.0,0.0,0.0,0.0,0.0,0
Endemic,Endemic-General,27,Cold & Humid,41,0,4.170731707317073,8173.926829268293,247601.60975609755,0.0,0.0,0.0,0.0,0.0,0
Endemic,Endemic-General,27,Hot & Dry,55,0,3.0727272727272728,7649.527272727273,265795.2363636364,0.0,0.0,0.0,0.0,0.0,0
Endemic,Endemic-General,27,Moderate,55,0,2.3636363636363638,7869.818181818182,248062.41818181818,0.0,0.0,0.0,0.0,0.0,0
Endemic,Endemic-General,27,Rainy & Wet,46,0,3.4130434782608696,7261.695652173913,269889.7826086957,0.0,0.0,0.0,0.0,0.0,0
Endemic,Endemic-General,28,Cold & Humid,64,0,2.59375,7419.640625,261823.90625,0.0,0.0,0.0,0.0,0.0,0
Endemic,Endemic-General,28,Hot & Dry,52,0,4.711538461538462,7572.4807692307695,270501.73076923075,0.0,0.0,0.0,0.0,0.0,0
Endemic,Endemic-General,28,Moderate,54,0,3.1666666666666665,7125.981481481482,261968.55555555556,0.0,0.0,0.0,0.0,0.0,0
Endemic,Endemic-General,28,Rainy & Wet,55,0,2.272727272727273,7236.654545454546,260507.14545454545,0.0,0.0,0.0,0.0,0.0,0
Endemic,Endemic-General,29,Cold & Humid,41,0,3.8536585365853657,7280.8536585365855,267066.7073170732,0.0,0.0,0.0,0.0,0.0,0
Endemic,Endemic-General,29,Hot & Dry,50,0,2.72,7346.12,265728.38,0.0,0.0,0.0,0.0,0.0,0
Endemic,Endemic-General,29,Moderate,61,0,2.3114754098360657,7039.11475409836,257026.5737704918,0.0,0.0,0.0,0.0,0.0,0
Endemic,Endemic-General,29,Rainy & Wet,39,0,3.0,7332.25641025641,240764.46153846153,0.0,0.0,0.0,0.0,0.0,0
Endemic,Endemic-General,30,Cold & Humid,48,0,4.041666666666667,7734.541666666667,237452.60416666666,0.0,0.0,0.0,0.0,0.0,0
Endemic,Endemic-General,30,Hot & Dry,43,0,4.372093023255814,7968.627906976744,262373.72093023255,0.0,0.0,0.0,0.0,0.0,0
Endemic,Endemic-General,30,Moderate,59,0,2.9661016949152543,7507.0847457627115,267782.6101694915,0.0,0.0,0.0,0.0,0.0,0
Endemic,Endemic-General,30,Rainy & Wet,48,0,3.875,7913.9375,262055.45833333334,0.0,0.0,0.0,0.0,0.0,0
Endemic,Endemic-General,31,Cold & Humid,43,0,4.1395348837209305,7178.976744186047,247365.0,0.0,0.0,0.0,0.0,0.0,0
Endemic,Endemic-General,31,Hot & Dry,47,0,1.7234042553191489,6834.765957446809,276873.1489361702,0.0,0.0,0.0,0.0,0.0,0
Endemic,Endemic-General,31,Moderate,50,0,2.62,7035.58,257837.82,0.0,0.0,0.0,0.0,0.0,0
Endemic,Endemic-General,31,Rainy & Wet,47,0,3.234042553191489,7475.148936170212,280608.42553191487,0.0,0.0,0.0,0.0,0.0,0
Endemic,Endemic-General,32,Cold & Humid,48,0,1.9166666666666667,7771.833333333333,250181.70833333334,0.0,0.0,0.0,0.0,0.0,0
Endemic,Endemic-General,32,Hot & Dry,54,0,1.8518518518518519,7014.462962962963,262145.14814814815,0.0,0.0,0.0,0.0,0.0,0
Endemic,Endemic-General,32,Moderate,53,0,3.0,7445.490566037736,251807.6037735849,0.0,0.0,0.0,0.0,0.0,0
Endemic,Endemic-General,32,Rainy & Wet,55,0,4.0,7229.945454545455,271633.92727272725,0.0,0.0,0.0,0.0,0.0,0
Endemic,Endemic-General,33,Cold & Humid,37,0,2.27027027027027,7322.891891891892,287952.1081081081,0.0,0.0,0.0,0.0,0.0,0
Endemic,Endemic-General,33,Hot & Dry,56,0,2.857142857142857,7158.642857142857,256701.73214285713,0.0,0.0,0.0,0.0,0.0,0
Endemic,Endemic-General,33,Moderate,64,0,5.703125,7627.34375,269735.6875,0.0,0.0,0.0,0.0,0.0,0
Endemic,Endemic-General,33,Rainy & Wet,43,0,2.2093023255813953,7398.837209302325,263652.3023255814,0.0,0.0,0.0,0.0,0.0,0
Endemic,Endemic-General,34,Cold & Humid,59,0,3.135593220338983,7104.0,281573.9152542373,0.0,0.0,0.0,0.0,0.0,0
Endemic,Endemic-General,34,Hot & Dry,47,0,2.382978723404255,6993.31914893617,283835.8510638298,0.0,0.0,0.0,0.0,0.0,0
Endemic,Endemic-General,34,Moderate,49,0,3.020408163265306,7380.224489795918,270202.67346938775,0.0,0.0,0.0,0.0,0.0,0
Endemic,Endemic-General,34,Rainy & Wet,55,0,3.1272727272727274,7116.018181818182,289689.9636363636,0.0,0.0,0.0,0.0,0.0,0
Endemic,Endemic-General,35,Cold & Humid,53,0,4.113207547169812,7728.528301886792,265908.0188679245,0.0,0.0,0.0,0.0,0.0,0
Endemic,Endemic-General,35,Hot & Dry,42,0,5.142857142857143,8083.023809523809,255616.42857142858,0.0,0.0,0.0,0.0,0.0,0
Endemic,Endemic-General,35,Moderate,52,0,3.3653846153846154,7847.5,285293.67307692306,0.0,0.0,0.0,0.0,0.0,0
Endemic,Endemic-General,35,Rainy & Wet,47,0,3.893617021276596,7229.36170212766,255411.72340425532,0.0,0.0,0.0,0.0,0.0,0
Endemic,Endemic-General,36,Cold & Humid,54,0,2.2962962962962963,7243.833333333333,269351.462962963,0.0,0.0,0.0,0.0,0.0,0
Endemic,Endemic-General,36,Hot & Dry,56,0,3.6785714285714284,7858.357142857143,267730.08928571426,0.0,0.0,0.0,0.0,0.0,0
Endemic,Endemic-General,36,Moderate,57,0,5.0701754385964914,7420.421052631579,258174.98245614034,0.0,0.0,0.0,0.0,0.0,0
Endemic,Endemic-General,36,Rainy & Wet,52,0,2.826923076923077,7471.5192307692305,269813.9038461539,0.0,0.0,0.0,0.0,0.0,0
Endemic,Endemic-General,37,Cold & Humid,59,0,3.6440677966101696,7422.762711864407,260162.7627118644,0.0,0.0,0.0,0.0,0.0,0
Endemic,Endemic-General,37,Hot & Dry,56,0,3.3035714285714284,6910.017857142857,238042.4107142857,0.0,0.0,0.0,0.0,0.0,0
Endemic,Endemic-General,37,Moderate,58,0,2.7586206896551726,7235.862068965517,274832.2413793103,0.0,0.0,0.0,0.0,0.0,0
Endemic,Endemic-General,37,Rainy & Wet,34,0,4.5,6843.382352941177,280242.0588235294,0.0,0.0,0.0,0.0,0.0,0
Endemic,Endemic-General,38,Cold & Humid,57,0,5.2105263157894735,7092.561403508772,258116.9298245614,0.0,0.0,0.0,0.0,0.0,0
Endemic,Endemic-General,38,Hot & Dry,39,0,3.717948717948718,7775.974358974359,244181.5641025641,0.0,0.0,0.0,0.0,0.0,0
Endemic,Endemic-General,38,Moderate,38,0,3.973684210526316,7586.131578947368,251734.2105263158,0.0,0.0,0.0,0.0,0.0,0
Endemic,Endemic-General,38,Rainy & Wet,51,0,3.4313725490196076,7985.235294117647,265395.3137254902,0.0,0.0,0.0,0.0,0.0,0
Endemic,Endemic-General,39,Cold & Humid,64,0,2.890625,7712.203125,269345.65625,0.0,0.0,0.0,0.0,0.0,0
Endemic,Endemic-General,39,Hot & Dry,55,0,2.2181818181818183,7144.872727272727,276323.85454545455,0.0,0.0,0.0,0.0,0.0,0
Endemic,Endemic-General,39,Moderate,41,0,3.8536585365853657,7678.90243902439,264821.48780487804,0.0,0.0,0.0,0.0,0.0,0
Endemic,Endemic-General,39,Rainy & Wet,53,0,2.6037735849056602,7130.962264150943,308676.4716981132,0.0,0.0,0.0,0.0,0.0,0
Endemic,Endemic-General,40,Cold & Humid,47,0,2.574468085106383,7085.914893617021,263187.3191489362,0.0,0.0,0.0,0.0,0.0,0
Endemic,Endemic-General,40,Hot & Dry,46,0,3.5,7339.565217391304,282853.8043478261,0.0,0.0,0.0,0.0,0.0,0
Endemic,Endemic-General,40,Moderate,48,0,4.4375,7601.416666666667,261896.47916666666,0.0,0.0,0.0,0.0,0.0,0
Endemic,Endemic-General,40,Rainy & Wet,52,0,2.2884615384615383,7207.461538461538,281622.1153846154,0.0,0.0,0.0,0.0,0.0,0
Endemic,Endemic-General,41,Cold & Humid,44,0,3.8181818181818183,8046.0,282153.5227272727,0.0,0.0,0.0,0.0,0.0,0
Endemic,Endemic-General,41,Hot & Dry,38,0,2.289473684210526,6415.736842105263,262690.7894736842,0.0,0.0,0.0,0.0,0.0,0
Endemic,Endemic-General,41,Moderate,49,0,2.673469387755102,7252.734693877551,295265.1632653061,0.0,0.0,0.0,0.0,0.0,0
Endemic,Endemic-General,41,Rainy & Wet,50,0,2.82,8220.08,245545.36,0.0,0.0,0.0,0.0,0.0,0
Endemic,Endemic-General,42,Cold & Humid,57,0,2.8771929824561404,7777.350877192983,266064.4736842105,0.0,0.0,0.0,0.0,0.0,0
Endemic,Endemic-General,42,Hot & Dry,55,0,3.690909090909091,7222.272727272727,261586.05454545454,0.0,0.0,0.0,0.0,0.0,0
Endemic,Endemic-General,42,Moderate,49,0,3.816326530612245,7442.326530612245,268131.7755102041,0.0,0.0,0.0,0.0,0.0,0
Endemic,Endemic-General,42,Rainy & Wet,54,0,3.2777777777777777,7260.333333333333,280911.1666666667,0.0,0.0,0.0,0.0,0.0,0
Endemic,Endemic-General,43,Cold & Humid,40,0,4.025,6819.625,284923.925,0.0,0.0,0.0,0.0,0.0,0
Endemic,Endemic-General,43,Hot & Dry,45,0,2.7777777777777777,6894.266666666666,282691.3777777778,0.0,0.0,0.0,0.0,0.0,0
Endemic,Endemic-General,43,Moderate,45,0,2.4444444444444446,6475.577777777778,255778.75555555554,0.0,0.0,0.0,0.0,0.0,0
Endemic,Endemic-General,43,Rainy & Wet,50,0,3.5,7030.46,276491.84,0.0,0.0,0.0,0.0,0.0,0
Endemic,Endemic-General,44,Cold & Humid,48,0,3.0416666666666665,6615.729166666667,275861.125,0.0,0.0,0.0,0.0,0.0,0
Endemic,Endemic-General,44,Hot & Dry,56,0,4.214285714285714,7748.589285714285,264907.0535714286,0.0,0.0,0.0,0.0,0.0,0
Endemic,Endemic-General,44,Moderate,56,0,5.142857142857143,7578.053571428572,258499.9642857143,0.0,0.0,0.0,0.0,0.0,0
Endemic,Endemic-General,44,Rainy & Wet,52,0,3.076923076923077,6609.2307692307695,278814.3076923077,0.0,0.0,0.0,0.0,0.0,0
Endemic,Endemic-General,45,Cold & Humid,55,0,3.4545454545454546,8059.072727272727,260568.94545454546,0.0,0.0,0.0,0.0,0.0,0
Endemic,Endemic-General,45,Hot & Dry,54,0,3.1666666666666665,7383.722222222223,287148.7037037037,0.0,0.0,0.0,0.0,0.0,0
Endemic,Endemic-General,45,Moderate,52,0,3.0576923076923075,7936.115384615385,258019.1923076923,0.0,0.0,0.0,0.0,0.0,0
Endemic,Endemic-General,45,Rainy & Wet,49,0,3.306122448979592,7391.530612244898,286212.5714285714,0.0,0.0,0.0,0.0,0.0,0
Endemic,Endemic-General,46,Cold & Humid,49,0,3.0408163265306123,7168.408163265306,266290.5918367347,0.0,0.0,0.0,0.0,0.0,0
Endemic,Endemic-General,46,Hot & Dry,42,0,2.5476190476190474,7221.333333333333,260072.57142857142,0.0,0.0,0.0,0.0,0.0,0
Endemic,Endemic-General,46,Moderate,52,0,3.1538461538461537,6605.7307692307695,272888.0,0.0,0.0,0.0,0.0,0.0,0
Endemic,Endemic-General,46,Rainy & Wet,40,0,1.025,7564.225,261919.85,0.0,0.0,0.0,0.0,0.0,0
Endemic,Endemic-General,47,Cold & Humid,60,0,2.7,7056.783333333334,261440.43333333332,0.0,0.0,0.0,0.0,0.0,0
Endemic,Endemic-General,47,Hot & Dry,57,0,4.298245614035087,6891.210526315789,285586.5438596491,0.0,0.0,0.0,0.0,0.0,0
Endemic,Endemic-General,47,Moderate,47,0,2.0638297872340425,6984.255319148936,266855.44680851063,0.0,0.0,0.0,0.0,0.0,0
Endemic,Endemic-General,47,Rainy & Wet,40,0,3.25,7003.675,274614.275,0.0,0.0,0.0,0.0,0.0,0
Endemic,Endemic-General,48,Cold & Humid,59,0,2.0,7199.745762711865,254874.69491525425,0.0,0.0,0.0,0.0,0.0,0
Endemic,Endemic-General,48,Hot & Dry,44,0,3.7045454545454546,7076.022727272727,277095.7272727273,0.0,0.0,0.0,0.0,0.0,0
Endemic,Endemic-General,48,Moderate,57,0,3.2280701754385963,7698.421052631579,276331.70175438595,0.0,0.0,0.0,0.0,0.0,0
Endemic,Endemic-General,48,Rainy & Wet,46,0,3.391304347826087,7566.95652173913,281373.9130434783,0.0,0.0,0.0,0.0,0.0,0
Endemic,Endemic-General,49,Cold & Humid,48,0,3.8333333333333335,7222.958333333333,256054.89583333334,0.0,0.0,0.0,0.0,0.0,0
Endemic,Endemic-General,49,Hot & Dry,40,0,1.7,7433.875,260719.425,0.0,0.0,0.0,0.0,0.0,0
Endemic,Endemic-General,49,Moderate,52,0,3.5576923076923075,7215.75,263193.25,0.0,0.0,0.0,0.0,0.0,0
Endemic,Endemic-General,49,Rainy & Wet,53,0,3.660377358490566,6970.566037735849,269140.75471698114,0.0,0.0,0.0,0.0,0.0,0
Endemic,Endemic-General,50,Cold & Humid,45,0,3.1333333333333333,6947.6,248582.3777777778,0.0,0.0,0.0,0.0,0.0,0
Endemic,Endemic-General,50,Hot & Dry,52,0,4.423076923076923,7282.557692307692,282572.32692307694,0.0,0.0,0.0,0.0,0.0,0
Endemic,Endemic-General,50,Moderate,51,0,4.509803921568627,7097.764705882353,313888.98039215687,0.0,0.0,0.0,0.0,0.0,0
Endemic,Endemic-General,50,Rainy & Wet,43,0,2.2325581395348837,6780.093023255814,262515.27906976745,0.0,0.0,0.0,0.0,0.0,0
Endemic,Endemic-General,51,Cold & Humid,48,0,4.166666666666667,7566.166666666667,255816.08333333334,0.0,0.0,0.0,0.0,0.0,0
Endemic,Endemic-General,51,Hot & Dry,62,0,3.2419354838709675,7896.870967741936,268275.12903225806,0.0,0.0,0.0,0.0,0.0,0
Endemic,Endemic-General,51,Moderate,58,0,2.7758620689655173,7771.431034482759,280604.0172413793,0.0,0.0,0.0,0.0,0.0,0
Endemic,Endemic-General,51,Rainy & Wet,43,0,2.9069767441860463,6938.162790697675,278506.20930232556,0.0,0.0,0.0,0.0,0.0,0
Endemic,Endemic-General,52,Cold & Humid,56,0,2.767857142857143,8027.267857142857,253818.82142857142,0.0,0.0,0.0,0.0,0.0,0
Endemic,Endemic-General,52,Hot & Dry,64,0,2.90625,7687.765625,272471.6875,0.0,0.0,0.0,0.0,0.0,0
Endemic,Endemic-General,52,Moderate,57,0,2.43859649122807,7542.245614035088,247607.56140350876,0.0,0.0,0.0,0.0,0.0,0
Endemic,Endemic-General,52,Rainy & Wet,61,0,3.639344262295082,7441.049180327869,257792.04918032786,0.0,0.0,0.0,0.0,0.0,0
Rural,Rural-General,1,Cold & Humid,47,0,2.2127659574468086,7482.914893617021,287523.7659574468,0.0,0.0,0.0,0.0,0.0,0
Rural,Rural-General,1,Hot & Dry,52,0,3.3461538461538463,7568.576923076923,287764.96153846156,0.0,0.0,0.0,0.0,0.0,0
Rural,Rural-General,1,Moderate,33,0,2.1818181818181817,7517.727272727273,271480.42424242425,0.0,0.0,0.0,0.0,0.0,0
Rural,Rural-General,1,Rainy & Wet,48,0,4.083333333333333,7313.104166666667,262544.2916666667,0.0,0.0,0.0,0.0,0.0,0
Rural,Rural-General,2,Cold & Humid,50,0,4.56,7738.26,255926.54,0.0,0.0,0.0,0.0,0.0,0
Rural,Rural-General,2,Hot & Dry,59,0,4.0,7198.237288135593,259458.81355932204,0.0,0.0,0.0,0.0,0.0,0
Rural,Rural-General,2,Moderate,48,0,3.8958333333333335,7438.0,279086.0833333333,0.0,0.0,0.0,0.0,0.0,0
Rural,Rural-General,2,Rainy & Wet,46,0,2.369565217391304,6936.217391304348,259692.95652173914,0.0,0.0,0.0,0.0,0.0,0
Rural,Rural-General,3,Cold & Humid,63,0,3.1904761904761907,7178.206349206349,269257.3650793651,0.0,0.0,0.0,0.0,0.0,0
Rural,Rural-General,3,Hot & Dry,49,0,3.795918367346939,7381.326530612245,292305.1632653061,0.0,0.0,0.0,0.0,0.0,0
Rural,Rural-General,3,Moderate,59,0,3.5762711864406778,6946.6949152542375,263217.66101694916,0.0,0.0,0.0,0.0,0.0,0
Rural,Rural-General,3,Rainy & Wet,47,0,2.9148936170212765,7452.489361702128,236102.44680851063,0.0,0.0,0.0,0.0,0.0,0
Rural,Rural-General,4,Cold & Humid,40,0,2.825,6950.75,267115.875,0.0,0.0,0.0,0.0,0.0,0
Rural,Rural-General,4,Hot & Dry,51,0,2.4313725490196076,7150.529411764706,264652.98039215687,0.0,0.0,0.0,0.0,0.0,0
Rural,Rural-General,4,Moderate,47,0,3.872340425531915,7318.276595744681,282043.6808510638,0.0,0.0,0.0,0.0,0.0,0
Rural,Rural-General,4,Rainy & Wet,59,0,2.694915254237288,7003.067796610169,288242.83050847455,0.0,0.0,0.0,0.0,0.0,0
Rural,Rural-General,5,Cold & Humid,44,0,4.204545454545454,6829.636363636364,263680.54545454547,0.0,0.0,0.0,0.0,0.0,0
Rural,Rural-General,5,Hot & Dry,46,0,4.021739130434782,8001.847826086957,278289.847826087,0.0,0.0,0.0,0.0,0.0,0
Rural,Rural-General,5,Moderate,42,0,5.095238095238095,8573.190476190477,267287.11904761905,0.0,0.0,0.0,0.0,0.0,0
Rural,Rural-General,5,Rainy & Wet,55,0,2.4,7201.763636363637,295329.2545454545,0.0,0.0,0.0,0.0,0.0,0
Rural,Rural-General,6,Cold & Humid,55,0,2.981818181818182,6990.345454545454,300284.7272727273,0.0,0.0,0.0,0.0,0.0,0
Rural,Rural-General,6,Hot & Dry,42,0,3.0714285714285716,6636.9047619047615,257435.64285714287,0.0,0.0,0.0,0.0,0.0,0
Rural,Rural-General,6,Moderate,46,0,3.6956521739130435,7943.521739130435,297914.2173913043,0.0,0.0,0.0,0.0,0.0,0
Rural,Rural-General,6,Rainy & Wet,48,0,2.9375,7516.479166666667,276775.8541666667,0.0,0.0,0.0,0.0,0.0,0
Rural,Rural-General,7,Cold & Humid,38,0,3.4210526315789473,7872.026315789473,306335.44736842107,0.0,0.0,0.0,0.0,0.0,0
Rural,Rural-General,7,Hot & Dry,62,0,2.967741935483871,7468.112903225807,267061.7580645161,0.0,0.0,0.0,0.0,0.0,0
Rural,Rural-General,7,Moderate,41,0,3.926829268292683,7411.756097560976,280333.85365853657,0.0,0.0,0.0,0.0,0.0,0
Rural,Rural-General,7,Rainy & Wet,57,0,2.982456140350877,7599.1578947368425,261546.54385964913,0.0,0.0,0.0,0.0,0.0,0
Rural,Rural-General,8,Cold & Humid,48,0,2.3958333333333335,7239.791666666667,255147.0,0.0,0.0,0.0,0.0,0.0,0
Rural,Rural-General,8,Hot & Dry,56,0,2.767857142857143,7004.5,296634.03571428574,0.0,0.0,0.0,0.0,0.0,0
Rural,Rural-General,8,Moderate,42,0,2.619047619047619,7566.261904761905,296267.8333333333,0.0,0.0,0.0,0.0,0.0,0
Rural,Rural-General,8,Rainy & Wet,37,0,3.4054054054054053,7293.108108108108,270200.4864864865,0.0,0.0,0.0,0.0,0.0,0
Rural,Rural-General,9,Cold & Humid,44,0,4.2727272727272725,7741.636363636364,251496.4090909091,0.0,0.0,0.0,0.0,0.0,0
Rural,Rural-General,9,Hot & Dry,46,0,3.760869565217391,6990.173913043478,266552.4130434783,0.0,0.0,0.0,0.0,0.0,0
Rural,Rural-General,9,Moderate,58,0,2.6206896551724137,6956.551724137931,252779.10344827586,0.0,0.0,0.0,0.0,0.0,0
Rural,Rural-General,9,Rainy & Wet,47,0,3.25531914893617,7115.531914893617,237530.06382978722,0.0,0.0,0.0,0.0,0.0,0
Rural,Rural-General,10,Cold & Humid,48,0,2.9583333333333335,7096.166666666667,278433.5416666667,0.0,0.0,0.0,0.0,0.0,0
Rural,Rural-General,10,Hot & Dry,57,0,3.1578947368421053,7741.070175438596,272306.7368421053,0.0,0.0,0.0,0.0,0.0,0
Rural,Rural-General,10,Moderate,61,0,3.5901639344262297,7671.819672131148,294768.47540983604,0.0,0.0,0.0,0.0,0.0,0
Rural,Rural-General,10,Rainy & Wet,48,0,4.375,7618.020833333333,272645.5,0.0,0.0,0.0,0.0,0.0,0
Rural,Rural-General,11,Cold & Humid,54,0,3.185185185185185,7648.574074074074,290800.25925925927,0.0,0.0,0.0,0.0,0.0,0
Rural,Rural-General,11,Hot & Dry,47,0,2.7872340425531914,7251.0,247762.29787234042,0.0,0.0,0.0,0.0,0.0,0
Rural,Rural-General,11,Moderate,45,0,2.8,7624.355555555556,276601.97777777776,0.0,0.0,0.0,0.0,0.0,0
Rural,Rural-General,11,Rainy & Wet,46,0,3.8043478260869565,6886.065217391304,280110.5652173913,0.0,0.0,0.0,0.0,0.0,0
Rural,Rural-General,12,Cold & Humid,60,0,3.05,7683.083333333333,258211.38333333333,0.0,0.0,0.0,0.0,0.0,0
Rural,Rural-General,12,Hot & Dry,49,0,3.3469387755102042,7036.897959183673,279301.51020408166,0.0,0.0,0.0,0.0,0.0,0
Rural,Rural-General,12,Moderate,46,0,2.8043478260869565,7108.804347826087,258297.1739130435,0.0,0.0,0.0,0.0,0.0,0
Rural,Rural-General,12,Rainy & Wet,41,0,3.1951219512195124,6626.829268292683,300760.243902439,0.0,0.0,0.0,0.0,0.0,0
Rural,Rural-General,13,Cold & Humid,44,0,5.7272727272727275,6902.136363636364,264147.61363636365,0.0,0.0,0.0,0.0,0.0,0
Rural,Rural-General,13,Hot & Dry,55,0,2.036363636363636,6998.527272727273,256754.67272727273,0.0,0.0,0.0,0.0,0.0,0
Rural,Rural-General,13,Moderate,67,0,3.7761194029850746,6728.7164179104475,269431.9253731343,0.0,0.0,0.0,0.0,0.0,0
Rural,Rural-General,13,Rainy & Wet,58,0,3.396551724137931,8248.01724137931,264133.6206896552,0.0,0.0,0.0,0.0,0.0,0
Rural,Rural-General,14,Cold & Humid,41,0,1.4878048780487805,7179.658536585366,294184.53658536583,0.0,0.0,0.0,0.0,0.0,0
Rural,Rural-General,14,Hot & Dry,55,0,3.6363636363636362,7329.636363636364,261624.05454545454,0.0,0.0,0.0,0.0,0.0,0
Rural,Rural-General,14,Moderate,57,0,3.9473684210526314,8206.052631578947,260141.15789473685,0.0,0.0,0.0,0.0,0.0,0
Rural,Rural-General,14,Rainy & Wet,44,0,3.7954545454545454,7164.863636363636,289302.36363636365,0.0,0.0,0.0,0.0,0.0,0
Rural,Rural-General,15,Cold & Humid,51,0,4.96078431372549,7505.176470588235,251818.5294117647,0.0,0.0,0.0,0.0,0.0,0
Rural,Rural-General,15,Hot & Dry,49,0,4.346938775510204,7440.918367346939,280239.14285714284,0.0,0.0,0.0,0.0,0.0,0
Rural,Rural-General,15,Moderate,49,0,2.489795918367347,7267.142857142857,278410.48979591834,0.0,0.0,0.0,0.0,0.0,0
Rural,Rural-General,15,Rainy & Wet,51,0,4.392156862745098,6750.019607843137,276685.45098039217,0.0,0.0,0.0,0.0,0.0,0
Rural,Rural-General,16,Cold & Humid,52,0,3.5,7684.961538461538,280663.25,0.0,0.0,0.0,0.0,0.0,0
Rural,Rural-General,16,Hot & Dry,43,0,3.2790697674418605,8165.790697674419,292688.5581395349,0.0,0.0,0.0,0.0,0.0,0
Rural,Rural-General,16,Moderate,63,0,4.142857142857143,7646.6984126984125,245249.74603174604,0.0,0.0,0.0,0.0,0.0,0
Rural,Rural-General,16,Rainy & Wet,37,0,4.054054054054054,7482.864864864865,244638.35135135136,0.0,0.0,0.0,0.0,0.0,0
Rural,Rural-General,17,Cold & Humid,59,0,3.2033898305084745,6701.610169491525,258853.0,0.0,0.0,0.0,0.0,0.0,0
Rural,Rural-General,17,Hot & Dry,63,0,3.2222222222222223,7166.31746031746,281563.8095238095,0.0,0.0,0.0,0.0,0.0,0
Rural,Rural-General,17,Moderate,56,0,2.4642857142857144,7529.785714285715,279200.375,0.0,0.0,0.0,0.0,0.0,0
Rural,Rural-General,17,Rainy & Wet,50,0,3.46,7805.06,256064.6,0.0,0.0,0.0,0.0,0.0,0
Rural,Rural-General,18,Cold & Humid,46,0,3.9130434782608696,8285.108695652174,249989.58695652173,0.0,0.0,0.0,0.0,0.0,0
Rural,Rural-General,18,Hot & Dry,59,0,3.9152542372881354,6679.237288135593,262513.71186440677,0.0,0.0,0.0,0.0,0.0,0
Rural,Rural-General,18,Moderate,53,0,1.9433962264150944,7387.830188679245,253477.16981132075,0.0,0.0,0.0,0.0,0.0,0
Rural,Rural-General,18,Rainy & Wet,57,0,3.6842105263157894,7607.6140350877195,273209.649122807,0.0,0.0,0.0,0.0,0.0,0
Rural,Rural-General,19,Cold & Humid,58,0,2.8620689655172415,7643.775862068966,262988.1379310345,0.0,0.0,0.0,0.0,0.0,0
Rural,Rural-General,19,Hot & Dry,52,0,4.769230769230769,7553.115384615385,249589.11538461538,0.0,0.0,0.0,0.0,0.0,0
Rural,Rural-General,19,Moderate,43,0,3.8372093023255816,7061.790697674419,257688.97674418605,0.0,0.0,0.0,0.0,0.0,0
Rural,Rural-General,19,Rainy & Wet,59,0,3.169491525423729,7126.220338983051,287622.0169491525,0.0,0.0,0.0,0.0,0.0,0
Rural,Rural-General,20,Cold & Humid,59,0,3.2203389830508473,8401.93220338983,278289.66101694916,0.0,0.0,0.0,0.0,0.0,0
Rural,Rural-General,20,Hot & Dry,42,0,2.4285714285714284,7098.571428571428,269067.5714285714,0.0,0.0,0.0,0.0,0.0,0
Rural,Rural-General,20,Moderate,49,0,3.0,8003.2040816326535,262940.28571428574,0.0,0.0,0.0,0.0,0.0,0
Rural,Rural-General,20,Rainy & Wet,51,0,4.1568627450980395,7408.862745098039,268979.56862745096,0.0,0.0,0.0,0.0,0.0,0
Rural,Rural-General,21,Cold & Humid,51,0,4.019607843137255,7203.294117647059,269060.6274509804,0.0,0.0,0.0,0.0,0.0,0
Rural,Rural-General,21,Hot & Dry,44,0,2.840909090909091,7559.204545454545,266821.20454545453,0.0,0.0,0.0,0.0,0.0,0
Rural,Rural-General,21,Moderate,44,0,4.204545454545454,7051.704545454545,259462.1590909091,0.0,0.0,0.0,0.0,0.0,0
Rural,Rural-General,21,Rainy & Wet,57,0,2.6315789473684212,7566.175438596491,268914.5438596491,0.0,0.0,0.0,0.0,0.0,0
Rural,Rural-General,22,Cold & Humid,51,0,3.156862745098039,7658.0392156862745,284549.8039215686,0.0,0.0,0.0,0.0,0.0,0
Rural,Rural-General,22,Hot & Dry,39,0,2.641025641025641,7295.692307692308,281756.8717948718,0.0,0.0,0.0,0.0,0.0,0
Rural,Rural-General,22,Moderate,53,0,4.490566037735849,7249.1509433962265,278623.2075471698,0.0,0.0,0.0,0.0,0.0,0
Rural,Rural-General,22,Rainy & Wet,57,0,1.736842105263158,7787.403508771929,281259.49122807017,0.0,0.0,0.0,0.0,0.0,0
Rural,Rural-General,23,Cold & Humid,58,0,2.8275862068965516,6403.793103448276,276844.8275862069,0.0,0.0,0.0,0.0,0.0,0
Rural,Rural-General,23,Hot & Dry,69,0,2.681159420289855,7695.840579710145,268722.60869565216,0.0,0.0,0.0,0.0,0.0,0
Rural,Rural-General,23,Moderate,51,0,2.0980392156862746,7243.568627450981,275855.70588235295,0.0,0.0,0.0,0.0,0.0,0
Rural,Rural-General,23,Rainy & Wet,45,0,2.8,7880.377777777778,283122.4222222222,0.0,0.0,0.0,0.0,0.0,0
Rural,Rural-General,24,Cold & Humid,49,0,3.4285714285714284,6534.918367346939,253998.02040816325,0.0,0.0,0.0,0.0,0.0,0
Rural,Rural-General,24,Hot & Dry,43,0,3.116279069767442,6860.837209302325,279186.79069767444,0.0,0.0,0.0,0.0,0.0,0
Rural,Rural-General,24,Moderate,39,0,2.8974358974358974,6683.128205128205,244897.7435897436,0.0,0.0,0.0,0.0,0.0,0
Rural,Rural-General,24,Rainy & Wet,53,0,2.69811320754717,6997.377358490566,288247.07547169813,0.0,0.0,0.0,0.0,0.0,0
Rural,Rural-General,25,Cold & Humid,40,0,3.65,7675.875,280087.55,0.0,0.0,0.0,0.0,0.0,0
Rural,Rural-General,25,Hot & Dry,48,0,3.4583333333333335,7637.166666666667,279948.1458333333,0.0,0.0,0.0,0.0,0.0,0
Rural,Rural-General,25,Moderate,50,0,2.68,6810.52,292212.72,0.0,0.0,0.0,0.0,0.0,0
Rural,Rural-General,25,Rainy & Wet,50,0,4.48,7253.86,277943.08,0.0,0.0,0.0,0.0,0.0,0
Rural,Rural-General,26,Cold & Humid,53,0,3.3962264150943398,7445.1509433962265,254656.05660377358,0.0,0.0,0.0,0.0,0.0,0
Rural,Rural-General,26,Hot & Dry,55,0,2.109090909090909,7047.981818181818,271242.63636363635,0.0,0.0,0.0,0.0,0.0,0
Rural,Rural-General,26,Moderate,47,0,3.4893617021276597,6961.382978723404,264011.89361702127,0.0,0.0,0.0,0.0,0.0,0
Rural,Rural-General,26,Rainy & Wet,44,0,3.340909090909091,7497.75,239693.25,0.0,0.0,0.0,0.0,0.0,0
Rural,Rural-General,27,Cold & Humid,43,0,4.27906976744186,7026.930232558139,291659.83720930235,0.0,0.0,0.0,0.0,0.0,0
Rural,Rural-General,27,Hot & Dry,50,0,3.56,7415.14,279000.5,0.0,0.0,0.0,0.0,0.0,0
Rural,Rural-General,27,Moderate,40,0,2.25,7250.1,279047.975,0.0,0.0,0.0,0.0,0.0,0
Rural,Rural-General,27,Rainy & Wet,44,0,2.840909090909091,6811.136363636364,266283.38636363635,0.0,0.0,0.0,0.0,0.0,0
Rural,Rural-General,28,Cold & Humid,47,0,3.2127659574468086,7447.787234042553,250407.02127659574,0.0,0.0,0.0,0.0,0.0,0
Rural,Rural-General,28,Hot & Dry,53,0,2.4150943396226414,7031.0,242747.77358490566,0.0,0.0,0.0,0.0,0.0,0
Rural,Rural-General,28,Moderate,52,0,2.0576923076923075,6996.403846153846,283805.96153846156,0.0,0.0,0.0,0.0,0.0,0
Rural,Rural-General,28,Rainy & Wet,37,0,4.8108108108108105,7007.108108108108,276250.9459459459,0.0,0.0,0.0,0.0,0.0,0
Rural,Rural-General,29,Cold & Humid,54,0,4.388888888888889,7940.148148148148,250651.66666666666,0.0,0.0,0.0,0.0,0.0,0
Rural,Rural-General,29,Hot & Dry,50,0,1.76,7130.72,283510.56,0.0,0.0,0.0,0.0,0.0,0
Rural,Rural-General,29,Moderate,50,0,3.1,7818.54,253801.98,0.0,0.0,0.0,0.0,0.0,0
Rural,Rural-General,29,Rainy & Wet,44,0,2.3863636363636362,7409.272727272727,293800.0,0.0,0.0,0.0,0.0,0.0,0
Rural,Rural-General,30,Cold & Humid,39,0,2.8974358974358974,7439.4358974358975,297471.6923076923,0.0,0.0,0.0,0.0,0.0,0
Rural,Rural-General,30,Hot & Dry,58,0,2.6551724137931036,7275.189655172414,266614.6034482759,0.0,0.0,0.0,0.0,0.0,0
Rural,Rural-General,30,Moderate,46,0,2.5869565217391304,6559.54347826087,288169.73913043475,0.0,0.0,0.0,0.0,0.0,0
Rural,Rural-General,30,Rainy & Wet,39,0,2.871794871794872,8102.820512820513,271305.2051282051,0.0,0.0,0.0,0.0,0.0,0
Rural,Rural-General,31,Cold & Humid,53,0,2.8679245283018866,7368.0,265340.641509434,0.0,0.0,0.0,0.0,0.0,0
Rural,Rural-General,31,Hot & Dry,55,0,3.309090909090909,7363.672727272728,285291.4909090909,0.0,0.0,0.0,0.0,0.0,0
Rural,Rural-General,31,Moderate,41,0,2.1219512195121952,7411.292682926829,270639.0731707317,0.0,0.0,0.0,0.0,0.0,0
Rural,Rural-General,31,Rainy & Wet,50,0,3.26,7034.44,280278.02,0.0,0.0,0.0,0.0,0.0,0
Rural,Rural-General,32,Cold & Humid,46,0,2.9347826086956523,7804.804347826087,282591.32608695654,0.0,0.0,0.0,0.0,0.0,0
Rural,Rural-General,32,Hot & Dry,56,0,4.857142857142857,7184.267857142857,280006.03571428574,0.0,0.0,0.0,0.0,0.0,0
Rural,Rural-General,32,Moderate,49,0,2.2448979591836733,7185.6122448979595,287460.8775510204,0.0,0.0,0.0,0.0,0.0,0
Rural,Rural-General,32,Rainy & Wet,57,0,2.6491228070175437,7642.929824561404,276713.6140350877,0.0,0.0,0.0,0.0,0.0,0
Rural,Rural-General,33,Cold & Humid,51,0,3.803921568627451,6790.588235294118,280463.7843137255,0.0,0.0,0.0,0.0,0.0,0
Rural,Rural-General,33,Hot & Dry,41,0,3.5121951219512195,6656.8536585365855,247410.48780487804,0.0,0.0,0.0,0.0,0.0,0
Rural,Rural-General,33,Moderate,54,0,2.3703703703703702,7723.537037037037,261752.77777777778,0.0,0.0,0.0,0.0,0.0,0
Rural,Rural-General,33,Rainy & Wet,58,0,3.0517241379310347,7070.896551724138,257215.55172413794,0.0,0.0,0.0,0.0,0.0,0
Rural,Rural-General,34,Cold & Humid,60,0,2.3666666666666667,7168.416666666667,262109.71666666667,0.0,0.0,0.0,0.0,0.0,0
Rural,Rural-General,34,Hot & Dry,53,0,2.7547169811320753,7277.735849056604,307673.22641509434,0.0,0.0,0.0,0.0,0.0,0
Rural,Rural-General,34,Moderate,46,0,3.5869565217391304,7556.108695652174,237228.6739130435,0.0,0.0,0.0,0.0,0.0,0
Rural,Rural-General,34,Rainy & Wet,52,0,3.230769230769231,7224.192307692308,255340.98076923078,0.0,0.0,0.0,0.0,0.0,0
Rural,Rural-General,35,Cold & Humid,35,0,3.5142857142857142,7516.0,249077.3142857143,0.0,0.0,0.0,0.0,0.0,0
Rural,Rural-General,35,Hot & Dry,49,0,4.346938775510204,8219.836734693878,255143.51020408163,0.0,0.0,0.0,0.0,0.0,0
Rural,Rural-General,35,Moderate,53,0,2.6226415094339623,7827.037735849057,247899.43396226416,0.0,0.0,0.0,0.0,0.0,0
Rural,Rural-General,35,Rainy & Wet,57,0,5.964912280701754,7099.0,230545.57894736843,0.0,0.0,0.0,0.0,0.0,0
Rural,Rural-General,36,Cold & Humid,43,0,3.4651162790697674,7269.7441860465115,259209.37209302327,0.0,0.0,0.0,0.0,0.0,0
Rural,Rural-General,36,Hot & Dry,46,0,5.0,7254.478260869565,264020.347826087,0.0,0.0,0.0,0.0,0.0,0
Rural,Rural-General,36,Moderate,42,0,3.5476190476190474,7529.380952380952,251699.57142857142,0.0,0.0,0.0,0.0,0.0,0
Rural,Rural-General,36,Rainy & Wet,53,0,2.7169811320754715,7442.433962264151,242681.4150943396,0.0,0.0,0.0,0.0,0.0,0
Rural,Rural-General,37,Cold & Humid,49,0,3.0408163265306123,8279.918367346938,259186.04081632654,0.0,0.0,0.0,0.0,0.0,0
Rural,Rural-General,37,Hot & Dry,46,0,5.282608695652174,7854.239130434783,264296.39130434784,0.0,0.0,0.0,0.0,0.0,0
Rural,Rural-General,37,Moderate,49,0,2.63265306122449,7497.142857142857,253138.0,0.0,0.0,0.0,0.0,0.0,0
Rural,Rural-General,37,Rainy & Wet,35,0,2.057142857142857,7296.914285714286,281018.2571428571,0.0,0.0,0.0,0.0,0.0,0
Rural,Rural-General,38,Cold & Humid,51,0,4.235294117647059,7077.274509803921,287746.03921568627,0.0,0.0,0.0,0.0,0.0,0
Rural,Rural-General,38,Hot & Dry,45,0,2.8666666666666667,6848.155555555555,281807.3777777778,0.0,0.0,0.0,0.0,0.0,0
Rural,Rural-General,38,Moderate,44,0,2.590909090909091,6851.409090909091,284044.1818181818,0.0,0.0,0.0,0.0,0.0,0
Rural,Rural-General,38,Rainy & Wet,43,0,2.883720930232558,8474.744186046511,265317.25581395347,0.0,0.0,0.0,0.0,0.0,0
Rural,Rural-General,39,Cold & Humid,56,0,1.375,7250.196428571428,281811.89285714284,0.0,0.0,0.0,0.0,0.0,0
Rural,Rural-General,39,Hot & Dry,32,0,5.15625,7558.25,225497.96875,0.0,0.0,0.0,0.0,0.0,0
Rural,Rural-General,39,Moderate,57,0,3.3333333333333335,6927.017543859649,284617.01754385966,0.0,0.0,0.0,0.0,0.0,0
Rural,Rural-General,39,Rainy & Wet,46,0,3.5217391304347827,7911.5,288162.54347826086,0.0,0.0,0.0,0.0,0.0,0
Rural,Rural-General,40,Cold & Humid,44,0,4.568181818181818,8140.25,268935.5227272727,0.0,0.0,0.0,0.0,0.0,0
Rural,Rural-General,40,Hot & Dry,56,0,2.607142857142857,7277.910714285715,282942.03571428574,0.0,0.0,0.0,0.0,0.0,0
Rural,Rural-General,40,Moderate,46,0,3.0434782608695654,7456.804347826087,268567.10869565216,0.0,0.0,0.0,0.0,0.0,0
Rural,Rural-General,40,Rainy & Wet,51,0,2.019607843137255,6903.509803921569,270756.07843137253,0.0,0.0,0.0,0.0,0.0,0
Rural,Rural-General,41,Cold & Humid,49,0,3.020408163265306,7560.734693877551,275491.36734693876,0.0,0.0,0.0,0.0,0.0,0
Rural,Rural-General,41,Hot & Dry,44,0,2.090909090909091,7221.045454545455,277162.13636363635,0.0,0.0,0.0,0.0,0.0,0
Rural,Rural-General,41,Moderate,35,0,1.3428571428571427,7523.4,291328.3714285714,0.0,0.0,0.0,0.0,0.0,0
Rural,Rural-General,41,Rainy & Wet,63,0,3.7301587301587302,7858.714285714285,278748.98412698414,0.0,0.0,0.0,0.0,0.0,0
Rural,Rural-General,42,Cold & Humid,51,0,1.9607843137254901,7408.058823529412,280400.35294117645,0.0,0.0,0.0,0.0,0.0,0
Rural,Rural-General,42,Hot & Dry,52,0,2.019230769230769,7513.153846153846,276351.9423076923,0.0,0.0,0.0,0.0,0.0,0
Rural,Rural-General,42,Moderate,48,0,2.8333333333333335,7044.583333333333,273678.1041666667,0.0,0.0,0.0,0.0,0.0,0
Rural,Rural-General,42,Rainy & Wet,52,0,1.3846153846153846,7090.2692307692305,264921.1923076923,0.0,0.0,0.0,0.0,0.0,0
Rural,Rural-General,43,Cold & Humid,43,0,4.069767441860465,6863.209302325581,311347.5813953488,0.0,0.0,0.0,0.0,0.0,0
Rural,Rural-General,43,Hot & Dry,52,0,3.269230769230769,7657.25,253430.4423076923,0.0,0.0,0.0,0.0,0.0,0
Rural,Rural-General,43,Moderate,50,0,2.96,6851.06,275834.94,0.0,0.0,0.0,0.0,0.0,0
Rural,Rural-General,43,Rainy & Wet,28,0,2.5,7471.75,263695.28571428574,0.0,0.0,0.0,0.0,0.0,0
Rural,Rural-General,44,Cold & Humid,52,0,2.1346153846153846,6750.961538461538,264986.3076923077,0.0,0.0,0.0,0.0,0.0,0
Rural,Rural-General,44,Hot & Dry,44,0,4.409090909090909,7296.340909090909,246738.47727272726,0.0,0.0,0.0,0.0,0.0,0
Rural,Rural-General,44,Moderate,55,0,1.0909090909090908,7074.781818181818,285286.10909090907,0.0,0.0,0.0,0.0,0.0,0
Rural,Rural-General,44,Rainy & Wet,38,0,4.7631578947368425,8406.263157894737,273446.84210526315,0.0,0.0,0.0,0.0,0.0,0
Rural,Rural-General,45,Cold & Humid,60,0,3.966666666666667,7113.15,263912.48333333334,0.0,0.0,0.0,0.0,0.0,0
Rural,Rural-General,45,Hot & Dry,57,0,2.192982456140351,7718.2807017543855,238680.7894736842,0.0,0.0,0.0,0.0,0.0,0
Rural,Rural-General,45,Moderate,43,0,5.116279069767442,6720.7441860465115,274774.74418604653,0.0,0.0,0.0,0.0,0.0,0
Rural,Rural-General,45,Rainy & Wet,44,0,1.8181818181818181,7583.386363636364,269887.13636363635,0.0,0.0,0.0,0.0,0.0,0
Rural,Rural-General,46,Cold & Humid,53,0,3.150943396226415,7016.981132075472,264948.3396226415,0.0,0.0,0.0,0.0,0.0,0
Rural,Rural-General,46,Hot & Dry,46,0,2.239130434782609,7535.195652173913,267597.54347826086,0.0,0.0,0.0,0.0,0.0,0
Rural,Rural-General,46,Moderate,44,0,2.25,7714.5,260081.54545454544,0.0,0.0,0.0,0.0,0.0,0
Rural,Rural-General,46,Rainy & Wet,47,0,3.0638297872340425,8789.489361702128,280449.8510638298,0.0,0.0,0.0,0.0,0.0,0
Rural,Rural-General,47,Cold & Humid,50,0,3.46,7490.16,269588.82,0.0,0.0,0.0,0.0,0.0,0
Rural,Rural-General,47,Hot & Dry,47,0,0.6382978723404256,6932.446808510638,264665.10638297873,0.0,0.0,0.0,0.0,0.0,0
Rural,Rural-General,47,Moderate,70,0,3.2142857142857144,7731.671428571429,261000.6857142857,0.0,0.0,0.0,0.0,0.0,0
Rural,Rural-General,47,Rainy & Wet,60,0,1.9166666666666667,7644.8,270470.2166666667,0.0,0.0,0.0,0.0,0.0,0
Rural,Rural-General,48,Cold & Humid,61,0,2.8852459016393444,7584.295081967213,251696.88524590165,0.0,0.0,0.0,0.0,0.0,0
Rural,Rural-General,48,Hot & Dry,41,0,2.731707317073171,8754.609756097561,265963.56097560975,0.0,0.0,0.0,0.0,0.0,0
Rural,Rural-General,48,Moderate,54,0,3.2962962962962963,6982.2962962962965,268897.8333333333,0.0,0.0,0.0,0.0,0.0,0
Rural,Rural-General,48,Rainy & Wet,55,0,2.9454545454545453,7884.618181818182,256987.69090909092,0.0,0.0,0.0,0.0,0.0,0
Rural,Rural-General,49,Cold & Humid,51,0,3.4705882352941178,7399.294117647059,286718.76470588235,0.0,0.0,0.0,0.0,0.0,0
Rural,Rural-General,49,Hot & Dry,49,0,1.469387755102041,7053.877551020408,281296.9591836735,0.0,0.0,0.0,0.0,0.0,0
Rural,Rural-General,49,Moderate,51,0,4.215686274509804,7825.0,284703.39215686277,0.0,0.0,0.0,0.0,0.0,0
Rural,Rural-General,49,Rainy & Wet,57,0,4.385964912280702,7926.631578947368,269232.4736842105,0.0,0.0,0.0,0.0,0.0,0
Rural,Rural-General,50,Cold & Humid,37,0,4.27027027027027,7356.243243243243,263217.8108108108,0.0,0.0,0.0,0.0,0.0,0
Rural,Rural-General,50,Hot & Dry,47,0,2.6595744680851063,7168.617021276596,267384.12765957444,0.0,0.0,0.0,0.0,0.0,0
Rural,Rural-General,50,Moderate,62,0,1.8064516129032258,6897.322580645161,266556.17741935485,0.0,0.0,0.0,0.0,0.0,0
Rural,Rural-General,50,Rainy & Wet,55,0,2.109090909090909,7377.709090909091,285390.87272727274,0.0,0.0,0.0,0.0,0.0,0
Rural,Rural-General,51,Cold & Humid,56,0,2.7142857142857144,7030.928571428572,261908.375,0.0,0.0,0.0,0.0,0.0,0
Rural,Rural-General,51,Hot & Dry,39,0,5.256410256410256,7092.923076923077,253281.35897435897,0.0,0.0,0.0,0.0,0.0,0
Rural,Rural-General,51,Moderate,49,0,3.36734693877551,6878.673469387755,280963.8163265306,0.0,0.0,0.0,0.0,0.0,0
Rural,Rural-General,51,Rainy & Wet,45,0,2.1555555555555554,6423.422222222222,267031.35555555555,0.0,0.0,0.0,0.0,0.0,0
Rural,Rural-General,52,Cold & Humid,52,0,1.3653846153846154,7223.692307692308,252989.01923076922,0.0,0.0,0.0,0.0,0.0,0
Rural,Rural-General,52,Hot & Dry,35,0,2.6285714285714286,7552.114285714286,278541.3142857143,0.0,0.0,0.0,0.0,0.0,0
Rural,Rural-General,52,Moderate,50,0,1.9,6790.08,270648.86,0.0,0.0,0.0,0.0,0.0,0
Rural,Rural-General,52,Rainy & Wet,43,0,2.9069767441860463,7641.7441860465115,263541.23255813954,0.0,0.0,0.0,0.0,0.0,0
Urban,Urban-General,1,Cold & Humid,50,0,3.06,7389.06,277031.48,0.0,0.0,0.0,0.0,0.0,0
Urban,Urban-General,1,Hot & Dry,56,0,4.535714285714286,6591.571428571428,291922.3214285714,0.0,0.0,0.0,0.0,0.0,0
Urban,Urban-General,1,Moderate,41,0,2.902439024390244,7629.0,281967.48780487804,0.0,0.0,0.0,0.0,0.0,0
Urban,Urban-General,1,Rainy & Wet,60,0,3.4166666666666665,7633.95,259607.63333333333,0.0,0.0,0.0,0.0,0.0,0
Urban,Urban-General,2,Cold & Humid,52,0,3.7884615384615383,7509.057692307692,261821.09615384616,0.0,0.0,0.0,0.0,0.0,0
Urban,Urban-General,2,Hot & Dry,39,0,4.3076923076923075,7772.666666666667,269337.6153846154,0.0,0.0,0.0,0.0,0.0,0
Urban,Urban-General,2,Moderate,46,0,3.108695652173913,6923.260869565217,272876.1304347826,0.0,0.0,0.0,0.0,0.0,0
Urban,Urban-General,2,Rainy & Wet,54,0,2.5185185185185186,6893.388888888889,273401.8333333333,0.0,0.0,0.0,0.0,0.0,0
Urban,Urban-General,3,Cold & Humid,55,0,2.1818181818181817,7333.636363636364,265159.5090909091,0.0,0.0,0.0,0.0,0.0,0
Urban,Urban-General,3,Hot & Dry,51,0,2.549019607843137,7433.21568627451,259885.6862745098,0.0,0.0,0.0,0.0,0.0,0
Urban,Urban-General,3,Moderate,45,0,3.466666666666667,6763.311111111111,270766.22222222225,0.0,0.0,0.0,0.0,0.0,0
Urban,Urban-General,3,Rainy & Wet,48,0,1.2916666666666667,6826.125,270130.75,0.0,0.0,0.0,0.0,0.0,0
Urban,Urban-General,4,Cold & Humid,46,0,2.217391304347826,7672.021739130435,266775.45652173914,0.0,0.0,0.0,0.0,0.0,0
Urban,Urban-General,4,Hot & Dry,48,0,4.208333333333333,7308.833333333333,256637.10416666666,0.0,0.0,0.0,0.0,0.0,0
Urban,Urban-General,4,Moderate,55,0,3.0545454545454547,7671.890909090909,258969.74545454545,0.0,0.0,0.0,0.0,0.0,0
Urban,Urban-General,4,Rainy & Wet,57,0,1.8596491228070176,7344.508771929824,277319.4736842105,0.0,0.0,0.0,0.0,0.0,0
Urban,Urban-General,5,Cold & Humid,51,0,4.078431372549019,6944.137254901961,277015.29411764705,0.0,0.0,0.0,0.0,0.0,0
Urban,Urban-General,5,Hot & Dry,52,0,3.7115384615384617,7675.134615384615,280265.98076923075,0.0,0.0,0.0,0.0,0.0,0
Urban,Urban-General,5,Moderate,49,0,3.2448979591836733,7758.469387755102,287734.8367346939,0.0,0.0,0.0,0.0,0.0,0
Urban,Urban-General,5,Rainy & Wet,51,0,2.5098039215686274,7185.0392156862745,289747.862745098,0.0,0.0,0.0,0.0,0.0,0
Urban,Urban-General,6,Cold & Humid,63,0,3.2698412698412698,7110.015873015873,286400.84126984124,0.0,0.0,0.0,0.0,0.0,0
Urban,Urban-General,6,Hot & Dry,38,0,3.0526315789473686,8080.8421052631575,251050.6052631579,0.0,0.0,0.0,0.0,0.0,0
Urban,Urban-General,6,Moderate,60,0,3.6666666666666665,7635.6,264434.73333333334,0.0,0.0,0.0,0.0,0.0,0
Urban,Urban-General,6,Rainy & Wet,41,0,4.609756097560975,7661.878048780488,276328.0,0.0,0.0,0.0,0.0,0.0,0
Urban,Urban-General,7,Cold & Humid,42,0,3.738095238095238,7749.333333333333,275952.64285714284,0.0,0.0,0.0,0.0,0.0,0
Urban,Urban-General,7,Hot & Dry,47,0,2.872340425531915,7440.553191489362,270694.829787234,0.0,0.0,0.0,0.0,0.0,0
Urban,Urban-General,7,Moderate,54,0,3.0925925925925926,7986.7962962962965,247489.03703703705,0.0,0.0,0.0,0.0,0.0,0
Urban,Urban-General,7,Rainy & Wet,35,0,4.142857142857143,8109.0,251795.77142857143,0.0,0.0,0.0,0.0,0.0,0
Urban,Urban-General,8,Cold & Humid,39,0,2.3846153846153846,7124.641025641025,262020.87179487178,0.0,0.0,0.0,0.0,0.0,0
Urban,Urban-General,8,Hot & Dry,56,0,3.232142857142857,7601.392857142857,252898.2142857143,0.0,0.0,0.0,0.0,0.0,0
Urban,Urban-General,8,Moderate,57,0,2.6666666666666665,7186.964912280701,276970.5789473684,0.0,0.0,0.0,0.0,0.0,0
Urban,Urban-General,8,Rainy & Wet,54,0,2.6296296296296298,7365.222222222223,278949.68518518517,0.0,0.0,0.0,0.0,0.0,0
Urban,Urban-General,9,Cold & Humid,46,0,4.608695652173913,7963.521739130435,267693.847826087,0.0,0.0,0.0,0.0,0.0,0
Urban,Urban-General,9,Hot & Dry,46,0,2.717391304347826,8016.630434782609,252011.52173913043,0.0,0.0,0.0,0.0,0.0,0
Urban,Urban-General,9,Moderate,52,0,2.8653846153846154,7329.903846153846,287389.3846153846,0.0,0.0,0.0,0.0,0.0,0
Urban,Urban-General,9,Rainy & Wet,48,0,3.625,6962.354166666667,249073.79166666666,0.0,0.0,0.0,0.0,0.0,0
Urban,Urban-General,10,Cold & Humid,44,0,2.1136363636363638,7090.659090909091,297047.5227272727,0.0,0.0,0.0,0.0,0.0,0
Urban,Urban-General,10,Hot & Dry,67,0,2.8059701492537314,7115.417910447762,262162.29850746266,0.0,0.0,0.0,0.0,0.0,0
Urban,Urban-General,10,Moderate,50,0,3.12,7065.28,292877.08,0.0,0.0,0.0,0.0,0.0,0
Urban,Urban-General,10,Rainy & Wet,48,0,3.7291666666666665,6767.979166666667,263319.6041666667,0.0,0.0,0.0,0.0,0.0,0
Urban,Urban-General,11,Cold & Humid,47,0,2.021276595744681,7018.425531914893,276191.08510638296,0.0,0.0,0.0,0.0,0.0,0
Urban,Urban-General,11,Hot & Dry,41,0,2.902439024390244,6855.829268292683,283837.46341463417,0.0,0.0,0.0,0.0,0.0,0
Urban,Urban-General,11,Moderate,61,0,3.9672131147540983,7072.819672131148,276466.2295081967,0.0,0.0,0.0,0.0,0.0,0
Urban,Urban-General,11,Rainy & Wet,38,0,4.052631578947368,7538.0526315789475,271969.84210526315,0.0,0.0,0.0,0.0,0.0,0
Urban,Urban-General,12,Cold & Humid,56,0,3.375,7663.410714285715,236461.32142857142,0.0,0.0,0.0,0.0,0.0,0
Urban,Urban-General,12,Hot & Dry,45,0,2.8222222222222224,7497.466666666666,252404.42222222223,0.0,0.0,0.0,0.0,0.0,0
Urban,Urban-General,12,Moderate,33,0,3.787878787878788,7338.515151515152,301041.51515151514,0.0,0.0,0.0,0.0,0.0,0
Urban,Urban-General,12,Rainy & Wet,58,0,1.9482758620689655,6794.3448275862065,254964.39655172414,0.0,0.0,0.0,0.0,0.0,0
Urban,Urban-General,13,Cold & Humid,45,0,2.6444444444444444,7847.888888888889,244610.3111111111,0.0,0.0,0.0,0.0,0.0,0
Urban,Urban-General,13,Hot & Dry,53,0,4.811320754716981,7584.679245283019,244866.83018867925,0.0,0.0,0.0,0.0,0.0,0
Urban,Urban-General,13,Moderate,53,0,2.2452830188679247,7257.320754716981,271824.4905660377,0.0,0.0,0.0,0.0,0.0,0
Urban,Urban-General,13,Rainy & Wet,55,0,2.9454545454545453,6612.836363636364,265378.7272727273,0.0,0.0,0.0,0.0,0.0,0
Urban,Urban-General,14,Cold & Humid,55,0,3.327272727272727,7855.036363636364,241131.0181818182,0.0,0.0,0.0,0.0,0.0,0
Urban,Urban-General,14,Hot & Dry,51,0,3.1176470588235294,7215.3725490196075,286225.2745098039,0.0,0.0,0.0,0.0,0.0,0
Urban,Urban-General,14,Moderate,57,0,4.192982456140351,6942.298245614035,264412.43859649124,0.0,0.0,0.0,0.0,0.0,0
Urban,Urban-General,14,Rainy & Wet,52,0,3.0576923076923075,6972.038461538462,233213.63461538462,0.0,0.0,0.0,0.0,0.0,0
Urban,Urban-General,15,Cold & Humid,48,0,2.375,7081.75,235714.5,0.0,0.0,0.0,0.0,0.0,0
Urban,Urban-General,15,Hot & Dry,45,0,3.1555555555555554,7047.644444444444,252464.06666666668,0.0,0.0,0.0,0.0,0.0,0
Urban,Urban-General,15,Moderate,51,0,3.9215686274509802,7151.6274509803925,278800.60784313723,0.0,0.0,0.0,0.0,0.0,0
Urban,Urban-General,15,Rainy & Wet,64,0,2.40625,6463.671875,258153.625,0.0,0.0,0.0,0.0,0.0,0
Urban,Urban-General,16,Cold & Humid,55,0,2.7636363636363637,6995.472727272727,269252.7272727273,0.0,0.0,0.0,0.0,0.0,0
Urban,Urban-General,16,Hot & Dry,46,0,3.5869565217391304,8053.913043478261,267905.9347826087,0.0,0.0,0.0,0.0,0.0,0
Urban,Urban-General,16,Moderate,57,0,1.3859649122807018,7614.421052631579,257183.7894736842,0.0,0.0,0.0,0.0,0.0,0
Urban,Urban-General,16,Rainy & Wet,53,0,2.792452830188679,7641.0,268634.96226415096,0.0,0.0,0.0,0.0,0.0,0
Urban,Urban-General,17,Cold & Humid,48,0,3.3333333333333335,7631.958333333333,271179.2916666667,0.0,0.0,0.0,0.0,0.0,0
Urban,Urban-General,17,Hot & Dry,56,0,2.8035714285714284,7455.053571428572,270178.46428571426,0.0,0.0,0.0,0.0,0.0,0
Urban,Urban-General,17,Moderate,56,0,2.482142857142857,7108.660714285715,265811.9285714286,0.0,0.0,0.0,0.0,0.0,0
Urban,Urban-General,17,Rainy & Wet,63,0,3.0317460317460316,7760.555555555556,263453.98412698414,0.0,0.0,0.0,0.0,0.0,0
Urban,Urban-General,18,Cold & Humid,51,0,3.0,7272.78431372549,259500.33333333334,0.0,0.0,0.0,0.0,0.0,0
Urban,Urban-General,18,Hot & Dry,45,0,1.9111111111111112,7199.955555555555,282247.2,0.0,0.0,0.0,0.0,0.0,0
Urban,Urban-General,18,Moderate,51,0,3.607843137254902,7135.745098039216,285031.35294117645,0.0,0.0,0.0,0.0,0.0,0
Urban,Urban-General,18,Rainy & Wet,52,0,4.1923076923076925,7313.365384615385,276561.71153846156,0.0,0.0,0.0,0.0,0.0,0
Urban,Urban-General,19,Cold & Humid,49,0,3.5714285714285716,6515.734693877551,252612.02040816325,0.0,0.0,0.0,0.0,0.0,0
Urban,Urban-General,19,Hot & Dry,42,0,1.3095238095238095,7228.880952380952,272605.8333333333,0.0,0.0,0.0,0.0,0.0,0
Urban,Urban-General,19,Moderate,53,0,3.1320754716981134,6792.094339622641,269985.1698113208,0.0,0.0,0.0,0.0,0.0,0
Urban,Urban-General,19,Rainy & Wet,45,0,2.3555555555555556,6875.155555555555,287547.0888888889,0.0,0.0,0.0,0.0,0.0,0
Urban,Urban-General,20,Cold & Humid,33,0,2.090909090909091,7385.0,300051.42424242425,0.0,0.0,0.0,0.0,0.0,0
Urban,Urban-General,20,Hot & Dry,53,0,2.6037735849056602,7349.981132075472,260934.03773584907,0.0,0.0,0.0,0.0,0.0,0
Urban,Urban-General,20,Moderate,62,0,3.0483870967741935,7329.677419354839,271935.1935483871,0.0,0.0,0.0,0.0,0.0,0
Urban,Urban-General,20,Rainy & Wet,48,0,3.3333333333333335,7191.291666666667,283909.9166666667,0.0,0.0,0.0,0.0,0.0,0
Urban,Urban-General,21,Cold & Humid,58,0,1.5517241379310345,7266.017241379311,279094.4655172414,0.0,0.0,0.0,0.0,0.0,0
Urban,Urban-General,21,Hot & Dry,53,0,3.7358490566037736,7504.132075471698,271401.320754717,0.0,0.0,0.0,0.0,0.0,0
Urban,Urban-General,21,Moderate,47,0,2.978723404255319,7689.872340425532,268104.21276595746,0.0,0.0,0.0,0.0,0.0,0
Urban,Urban-General,21,Rainy & Wet,46,0,3.0434782608695654,7653.782608695652,256987.39130434784,0.0,0.0,0.0,0.0,0.0,0
Urban,Urban-General,22,Cold & Humid,51,0,3.156862745098039,7288.509803921569,260740.0980392157,0.0,0.0,0.0,0.0,0.0,0
Urban,Urban-General,22,Hot & Dry,48,0,1.3541666666666667,6675.8125,256500.125,0.0,0.0,0.0,0.0,0.0,0
Urban,Urban-General,22,Moderate,42,0,3.3095238095238093,7802.119047619048,297310.28571428574,0.0,0.0,0.0,0.0,0.0,0
Urban,Urban-General,22,Rainy & Wet,58,0,3.603448275862069,7631.379310344828,271835.9827586207,0.0,0.0,0.0,0.0,0.0,0
Urban,Urban-General,23,Cold & Humid,46,0,2.760869565217391,7167.978260869565,266738.5,0.0,0.0,0.0,0.0,0.0,0
Urban,Urban-General,23,Hot & Dry,55,0,2.1636363636363636,7194.836363636364,248669.45454545456,0.0,0.0,0.0,0.0,0.0,0
Urban,Urban-General,23,Moderate,54,0,3.185185185185185,6632.722222222223,282853.25925925927,0.0,0.0,0.0,0.0,0.0,0
Urban,Urban-General,23,Rainy & Wet,47,0,3.234042553191489,7882.893617021276,274893.3404255319,0.0,0.0,0.0,0.0,0.0,0
Urban,Urban-General,24,Cold & Humid,45,0,2.511111111111111,8251.266666666666,251793.4,0.0,0.0,0.0,0.0,0.0,0
Urban,Urban-General,24,Hot & Dry,62,0,3.435483870967742,7520.790322580645,284561.82258064515,0.0,0.0,0.0,0.0,0.0,0
Urban,Urban-General,24,Moderate,64,0,1.828125,7421.75,274296.5,0.0,0.0,0.0,0.0,0.0,0
Urban,Urban-General,24,Rainy & Wet,46,0,3.0869565217391304,7360.891304347826,279111.4130434783,0.0,0.0,0.0,0.0,0.0,0
Urban,Urban-General,25,Cold & Humid,56,0,2.892857142857143,8395.107142857143,269876.1964285714,0.0,0.0,0.0,0.0,0.0,0
Urban,Urban-General,25,Hot & Dry,38,0,2.8947368421052633,7277.736842105263,282652.5263157895,0.0,0.0,0.0,0.0,0.0,0
Urban,Urban-General,25,Moderate,61,0,2.1147540983606556,7794.819672131148,267200.131147541,0.0,0.0,0.0,0.0,0.0,0
Urban,Urban-General,25,Rainy & Wet,46,0,3.347826086956522,7435.847826086957,260921.76086956522,0.0,0.0,0.0,0.0,0.0,0
Urban,Urban-General,26,Cold & Humid,68,0,3.2058823529411766,6641.823529411765,255526.5,0.0,0.0,0.0,0.0,0.0,0
Urban,Urban-General,26,Hot & Dry,48,0,3.3541666666666665,7483.4375,272273.2916666667,0.0,0.0,0.0,0.0,0.0,0
Urban,Urban-General,26,Moderate,58,0,2.6551724137931036,7129.482758620689,281686.3103448276,0.0,0.0,0.0,0.0,0.0,0
Urban,Urban-General,26,Rainy & Wet,53,0,4.018867924528302,7110.867924528302,273369.77358490566,0.0,0.0,0.0,0.0,0.0,0
Urban,Urban-General,27,Cold & Humid,41,0,3.073170731707317,7244.195121951219,281243.65853658534,0.0,0.0,0.0,0.0,0.0,0
Urban,Urban-General,27,Hot & Dry,37,0,3.4864864864864864,6532.5675675675675,278857.5945945946,0.0,0.0,0.0,0.0,0.0,0
Urban,Urban-General,27,Moderate,41,0,2.975609756097561,7569.5609756097565,269332.0487804878,0.0,0.0,0.0,0.0,0.0,0
Urban,Urban-General,27,Rainy & Wet,48,0,3.7916666666666665,7700.416666666667,279332.0625,0.0,0.0,0.0,0.0,0.0,0
Urban,Urban-General,28,Cold & Humid,46,0,3.391304347826087,7461.913043478261,246628.78260869565,0.0,0.0,0.0,0.0,0.0,0
Urban,Urban-General,28,Hot & Dry,54,0,2.5555555555555554,6850.685185185185,305176.68518518517,0.0,0.0,0.0,0.0,0.0,0
Urban,Urban-General,28,Moderate,52,0,3.4615384615384617,7531.211538461538,290650.26923076925,0.0,0.0,0.0,0.0,0.0,0
Urban,Urban-General,28,Rainy & Wet,59,0,2.1186440677966103,7792.152542372882,261597.33898305084,0.0,0.0,0.0,0.0,0.0,0
Urban,Urban-General,29,Cold & Humid,49,0,4.081632653061225,7559.081632653061,286560.89795918367,0.0,0.0,0.0,0.0,0.0,0
Urban,Urban-General,29,Hot & Dry,51,0,3.5294117647058822,7158.490196078431,294954.2156862745,0.0,0.0,0.0,0.0,0.0,0
Urban,Urban-General,29,Moderate,54,0,2.4814814814814814,7513.740740740741,268352.72222222225,0.0,0.0,0.0,0.0,0.0,0
Urban,Urban-General,29,Rainy & Wet,59,0,4.11864406779661,6732.677966101695,283538.3898305085,0.0,0.0,0.0,0.0,0.0,0
Urban,Urban-General,30,Cold & Humid,39,0,2.8461538461538463,7476.7692307692305,260874.64102564103,0.0,0.0,0.0,0.0,0.0,0
Urban,Urban-General,30,Hot & Dry,41,0,3.097560975609756,7177.341463414634,271564.39024390245,0.0,0.0,0.0,0.0,0.0,0
Urban,Urban-General,30,Moderate,48,0,2.0208333333333335,7359.875,270476.9166666667,0.0,0.0,0.0,0.0,0.0,0
Urban,Urban-General,30,Rainy & Wet,51,0,3.0,7484.568627450981,292114.137254902,0.0,0.0,0.0,0.0,0.0,0
Urban,Urban-General,31,Cold & Humid,34,0,4.323529411764706,7577.323529411765,275921.26470588235,0.0,0.0,0.0,0.0,0.0,0
Urban,Urban-General,31,Hot & Dry,51,0,4.098039215686274,7511.509803921569,282993.7450980392,0.0,0.0,0.0,0.0,0.0,0
Urban,Urban-General,31,Moderate,53,0,2.490566037735849,7279.811320754717,252371.28301886792,0.0,0.0,0.0,0.0,0.0,0
Urban,Urban-General,31,Rainy & Wet,44,0,4.318181818181818,6967.045454545455,264800.0909090909,0.0,0.0,0.0,0.0,0.0,0
Urban,Urban-General,32,Cold & Humid,47,0,2.6382978723404253,8059.404255319149,257704.55319148937,0.0,0.0,0.0,0.0,0.0,0
Urban,Urban-General,32,Hot & Dry,36,0,2.25,7313.888888888889,245364.41666666666,0.0,0.0,0.0,0.0,0.0,0
Urban,Urban-General,32,Moderate,49,0,2.693877551020408,6424.918367346939,270178.8163265306,0.0,0.0,0.0,0.0,0.0,0
Urban,Urban-General,32,Rainy & Wet,45,0,4.177777777777778,6234.666666666667,265080.2444444444,0.0,0.0,0.0,0.0,0.0,0
Urban,Urban-General,33,Cold & Humid,55,0,3.6,7135.4,270921.58181818185,0.0,0.0,0.0,0.0,0.0,0
Urban,Urban-General,33,Hot & Dry,45,0,3.7111111111111112,7920.666666666667,271893.73333333334,0.0,0.0,0.0,0.0,0.0,0
Urban,Urban-General,33,Moderate,54,0,2.0,6919.7962962962965,290012.8703703704,0.0,0.0,0.0,0.0,0.0,0
Urban,Urban-General,33,Rainy & Wet,45,0,3.533333333333333,7435.688888888889,270948.02222222224,0.0,0.0,0.0,0.0,0.0,0
Urban,Urban-General,34,Cold & Humid,41,0,3.5853658536585367,7902.731707317073,256937.34146341463,0.0,0.0,0.0,0.0,0.0,0
Urban,Urban-General,34,Hot & Dry,44,0,3.1363636363636362,7377.522727272727,244611.0,0.0,0.0,0.0,0.0,0.0,0
Urban,Urban-General,34,Moderate,37,0,3.7567567567567566,7645.864864864865,250075.2972972973,0.0,0.0,0.0,0.0,0.0,0
Urban,Urban-General,34,Rainy & Wet,53,0,2.8867924528301887,7754.188679245283,246114.79245283018,0.0,0.0,0.0,0.0,0.0,0
Urban,Urban-General,35,Cold & Humid,50,0,2.76,6975.14,281442.26,0.0,0.0,0.0,0.0,0.0,0
Urban,Urban-General,35,Hot & Dry,46,0,4.673913043478261,7622.434782608696,270131.5652173913,0.0,0.0,0.0,0.0,0.0,0
Urban,Urban-General,35,Moderate,42,0,3.857142857142857,8218.880952380952,282103.3095238095,0.0,0.0,0.0,0.0,0.0,0
Urban,Urban-General,35,Rainy & Wet,46,0,2.3260869565217392,6419.695652173913,254973.4347826087,0.0,0.0,0.0,0.0,0.0,0
Urban,Urban-General,36,Cold & Humid,51,0,2.8627450980392157,7432.078431372549,249148.74509803922,0.0,0.0,0.0,0.0,0.0,0
Urban,Urban-General,36,Hot & Dry,45,0,2.1777777777777776,6951.0888888888885,287739.6,0.0,0.0,0.0,0.0,0.0,0
Urban,Urban-General,36,Moderate,59,0,2.3389830508474576,7376.457627118644,286570.4745762712,0.0,0.0,0.0,0.0,0.0,0
Urban,Urban-General,36,Rainy & Wet,59,0,3.1016949152542375,7781.474576271186,249449.88135593222,0.0,0.0,0.0,0.0,0.0,0
Urban,Urban-General,37,Cold & Humid,52,0,2.9038461538461537,6992.7692307692305,281664.5961538461,0.0,0.0,0.0,0.0,0.0,0
Urban,Urban-General,37,Hot & Dry,57,0,2.719298245614035,7414.19298245614,274753.5263157895,0.0,0.0,0.0,0.0,0.0,0
Urban,Urban-General,37,Moderate,44,0,2.9545454545454546,7170.931818181818,257051.72727272726,0.0,0.0,0.0,0.0,0.0,0
Urban,Urban-General,37,Rainy & Wet,40,0,5.1,7802.875,271848.375,0.0,0.0,0.0,0.0,0.0,0
Urban,Urban-General,38,Cold & Humid,63,0,1.7936507936507937,7400.0317460317465,273788.4126984127,0.0,0.0,0.0,0.0,0.0,0
Urban,Urban-General,38,Hot & Dry,56,0,2.267857142857143,6950.982142857143,272295.23214285716,0.0,0.0,0.0,0.0,0.0,0
Urban,Urban-General,38,Moderate,50,0,3.66,7485.88,240482.92,0.0,0.0,0.0,0.0,0.0,0
Urban,Urban-General,38,Rainy & Wet,55,0,2.9272727272727272,7645.236363636363,272863.83636363636,0.0,0.0,0.0,0.0,0.0,0
Urban,Urban-General,39,Cold & Humid,40,0,2.875,6822.85,256167.3,0.0,0.0,0.0,0.0,0.0,0
Urban,Urban-General,39,Hot & Dry,56,0,2.4464285714285716,7742.357142857143,288838.98214285716,0.0,0.0,0.0,0.0,0.0,0
Urban,Urban-General,39,Moderate,51,0,3.4705882352941178,7287.745098039216,264702.5882352941,0.0,0.0,0.0,0.0,0.0,0
Urban,Urban-General,39,Rainy & Wet,56,0,4.803571428571429,8031.892857142857,282536.0714285714,0.0,0.0,0.0,0.0,0.0,0
Urban,Urban-General,40,Cold & Humid,43,0,4.488372093023256,7248.813953488372,284518.5813953488,0.0,0.0,0.0,0.0,0.0,0
Urban,Urban-General,40,Hot & Dry,48,0,3.1041666666666665,7421.583333333333,260423.9375,0.0,0.0,0.0,0.0,0.0,0
Urban,Urban-General,40,Moderate,55,0,3.1818181818181817,7005.090909090909,311459.65454545454,0.0,0.0,0.0,0.0,0.0,0
Urban,Urban-General,40,Rainy & Wet,49,0,3.2653061224489797,7148.755102040816,261138.67346938775,0.0,0.0,0.0,0.0,0.0,0
Urban,Urban-General,41,Cold & Humid,57,0,3.4210526315789473,7092.771929824561,264729.6140350877,0.0,0.0,0.0,0.0,0.0,0
Urban,Urban-General,41,Hot & Dry,50,0,2.74,6676.76,281219.1,0.0,0.0,0.0,0.0,0.0,0
Urban,Urban-General,41,Moderate,40,0,2.45,7154.575,276661.25,0.0,0.0,0.0,0.0,0.0,0
Urban,Urban-General,41,Rainy & Wet,39,0,3.0256410256410255,7702.846153846154,243753.8205128205,0.0,0.0,0.0,0.0,0.0,0
Urban,Urban-General,42,Cold & Humid,44,0,4.045454545454546,7372.522727272727,301135.88636363635,0.0,0.0,0.0,0.0,0.0,0
Urban,Urban-General,42,Hot & Dry,37,0,5.1891891891891895,7465.513513513513,286869.4054054054,0.0,0.0,0.0,0.0,0.0,0
Urban,Urban-General,42,Moderate,50,0,2.8,7858.9,286300.98,0.0,0.0,0.0,0.0,0.0,0
Urban,Urban-General,42,Rainy & Wet,45,0,5.044444444444444,8091.777777777777,261599.33333333334,0.0,0.0,0.0,0.0,0.0,0
Urban,Urban-General,43,Cold & Humid,49,0,1.7755102040816326,7258.65306122449,260991.0,0.0,0.0,0.0,0.0,0.0,0
Urban,Urban-General,43,Hot & Dry,49,0,1.836734693877551,7054.7959183673465,269205.44897959183,0.0,0.0,0.0,0.0,0.0,0
Urban,Urban-General,43,Moderate,47,0,3.5319148936170213,7022.382978723404,280329.74468085106,0.0,0.0,0.0,0.0,0.0,0
Urban,Urban-General,43,Rainy & Wet,40,0,4.275,6810.65,258972.075,0.0,0.0,0.0,0.0,0.0,0
Urban,Urban-General,44,Cold & Humid,61,0,3.3934426229508197,7727.44262295082,256427.81967213115,0.0,0.0,0.0,0.0,0.0,0
Urban,Urban-General,44,Hot & Dry,53,0,2.3962264150943398,7217.207547169812,270950.30188679247,0.0,0.0,0.0,0.0,0.0,0
Urban,Urban-General,44,Moderate,54,0,4.185185185185185,7147.314814814815,282178.462962963,0.0,0.0,0.0,0.0,0.0,0
Urban,Urban-General,44,Rainy & Wet,43,0,3.627906976744186,7084.674418604651,269148.79069767444,0.0,0.0,0.0,0.0,0.0,0
Urban,Urban-General,45,Cold & Humid,51,0,3.215686274509804,7763.137254901961,294009.56862745096,0.0,0.0,0.0,0.0,0.0,0
Urban,Urban-General,45,Hot & Dry,65,0,3.8923076923076922,7183.153846153846,264151.0153846154,0.0,0.0,0.0,0.0,0.0,0
Urban,Urban-General,45,Moderate,46,0,2.782608695652174,7138.152173913043,248389.28260869565,0.0,0.0,0.0,0.0,0.0,0
Urban,Urban-General,45,Rainy & Wet,49,0,3.36734693877551,7083.122448979592,259096.57142857142,0.0,0.0,0.0,0.0,0.0,0
Urban,Urban-General,46,Cold & Humid,36,0,4.888888888888889,7698.916666666667,259257.58333333334,0.0,0.0,0.0,0.0,0.0,0
Urban,Urban-General,46,Hot & Dry,54,0,3.4074074074074074,6986.5,264465.22222222225,0.0,0.0,0.0,0.0,0.0,0
Urban,Urban-General,46,Moderate,48,0,2.6875,6840.208333333333,284494.7708333333,0.0,0.0,0.0,0.0,0.0,0
Urban,Urban-General,46,Rainy & Wet,53,0,2.4339622641509435,7322.66037735849,249349.28301886792,0.0,0.0,0.0,0.0,0.0,0
Urban,Urban-General,47,Cold & Humid,43,0,2.2790697674418605,7185.976744186047,258058.6976744186,0.0,0.0,0.0,0.0,0.0,0
Urban,Urban-General,47,Hot & Dry,45,0,3.488888888888889,6696.555555555556,283916.64444444445,0.0,0.0,0.0,0.0,0.0,0
Urban,Urban-General,47,Moderate,59,0,2.864406779661017,7520.254237288135,264416.1525423729,0.0,0.0,0.0,0.0,0.0,0
Urban,Urban-General,47,Rainy & Wet,51,0,3.843137254901961,7513.117647058823,278422.3333333333,0.0,0.0,0.0,0.0,0.0,0
Urban,Urban-General,48,Cold & Humid,56,0,4.0,7972.0,261162.42857142858,0.0,0.0,0.0,0.0,0.0,0
Urban,Urban-General,48,Hot & Dry,66,0,3.227272727272727,7078.015151515152,260654.92424242425,0.0,0.0,0.0,0.0,0.0,0
Urban,Urban-General,48,Moderate,60,0,1.9833333333333334,7074.433333333333,268372.2,0.0,0.0,0.0,0.0,0.0,0
Urban,Urban-General,48,Rainy & Wet,57,0,2.789473684210526,7274.2807017543855,247421.66666666666,0.0,0.0,0.0,0.0,0.0,0
Urban,Urban-General,49,Cold & Humid,43,0,4.255813953488372,7353.860465116279,274160.20930232556,0.0,0.0,0.0,0.0,0.0,0
Urban,Urban-General,49,Hot & Dry,59,0,4.88135593220339,7182.576271186441,266432.71186440677,0.0,0.0,0.0,0.0,0.0,0
Urban,Urban-General,49,Moderate,37,0,3.3513513513513513,7273.0,260589.35135135136,0.0,0.0,0.0,0.0,0.0,0
Urban,Urban-General,49,Rainy & Wet,50,0,2.12,7310.98,272266.4,0.0,0.0,0.0,0.0,0.0,0
Urban,Urban-General,50,Cold & Humid,38,0,2.6052631578947367,8120.973684210527,284125.86842105264,0.0,0.0,0.0,0.0,0.0,0
Urban,Urban-General,50,Hot & Dry,57,0,2.4210526315789473,8084.228070175439,294335.98245614034,0.0,0.0,0.0,0.0,0.0,0
Urban,Urban-General,50,Moderate,50,0,2.96,7108.58,280335.96,0.0,0.0,0.0,0.0,0.0,0
Urban,Urban-General,50,Rainy & Wet,52,0,2.5384615384615383,7017.211538461538,266825.07692307694,0.0,0.0,0.0,0.0,0.0,0
Urban,Urban-General,51,Cold & Humid,57,0,3.754385964912281,7146.964912280701,252855.0,0.0,0.0,0.0,0.0,0.0,0
Urban,Urban-General,51,Hot & Dry,51,0,3.5294117647058822,7899.803921568628,250951.5294117647,0.0,0.0,0.0,0.0,0.0,0
Urban,Urban-General,51,Moderate,51,0,3.3333333333333335,7084.9607843137255,267849.43137254904,0.0,0.0,0.0,0.0,0.0,0
Urban,Urban-General,51,Rainy & Wet,53,0,3.169811320754717,7257.415094339623,272419.320754717,0.0,0.0,0.0,0.0,0.0,0
Urban,Urban-General,52,Cold & Humid,65,0,2.3076923076923075,6870.138461538461,280546.7076923077,0.0,0.0,0.0,0.0,0.0,0
Urban,Urban-General,52,Hot & Dry,45,0,3.8666666666666667,7273.533333333334,286697.15555555554,0.0,0.0,0.0,0.0,0.0,0
Urban,Urban-General,52,Moderate,35,0,2.9714285714285715,7021.114285714286,278718.45714285714,0.0,0.0,0.0,0.0,0.0,0
Urban,Urban-General,52,Rainy & Wet,51,0,3.1372549019607843,7159.686274509804,268404.76470588235,0.0,0.0,0.0,0.0,0.0,0
